,Date,Sex,Age
0,2014.0,,
1,2012.0,Male,45.0
2,2013.0,Male,30.0
3,2014.0,Male,27.0
4,2012.0,Male,21.0
5,2013.0,Male,25.0
6,2014.0,Male,67.0
7,2012.0,Female,32.0
8,2015.0,Male,61.0
9,2013.0,Male,37.0
10,2015.0,Male,59.0
11,2014.0,Male,22.0
12,2015.0,Male,38.0
13,2013.0,Male,40.0
14,2012.0,Male,71.0
15,2015.0,Female,54.0
16,2014.0,Female,52.0
17,2013.0,Male,55.0
18,2013.0,Female,44.0
19,2015.0,Male,26.0
20,2015.0,Male,18.0
21,2012.0,Male,36.0
22,2015.0,Male,53.0
23,2015.0,Male,61.0
24,2013.0,Male,29.0
25,2013.0,Male,48.0
26,2013.0,Male,50.0
27,2013.0,Female,49.0
28,2012.0,Female,26.0
29,2015.0,Male,53.0
30,2012.0,Male,29.0
31,2012.0,Male,64.0
32,2013.0,Female,49.0
33,2013.0,Male,35.0
34,2014.0,Male,27.0
35,2014.0,Male,62.0
36,2015.0,Female,21.0
37,2013.0,Female,46.0
38,2014.0,Female,27.0
39,2015.0,Male,31.0
40,2014.0,Male,53.0
41,2012.0,Male,58.0
42,2013.0,Male,39.0
43,2013.0,Female,46.0
44,2014.0,Male,41.0
45,2012.0,Female,47.0
46,2013.0,Male,64.0
47,2013.0,Female,37.0
48,2015.0,Male,29.0
49,2015.0,Male,35.0
50,2015.0,Male,40.0
51,2013.0,Male,44.0
52,2015.0,Female,49.0
53,2014.0,Male,45.0
54,2013.0,Male,44.0
55,2014.0,Male,43.0
56,2014.0,Female,23.0
57,2013.0,Female,56.0
58,2015.0,Female,72.0
59,2015.0,Male,35.0
60,2012.0,Female,54.0
61,2013.0,Female,26.0
62,2015.0,Male,32.0
63,2014.0,Male,29.0
64,2015.0,Male,59.0
65,2013.0,Male,29.0
66,2013.0,Male,49.0
67,2012.0,Male,28.0
68,2014.0,Male,60.0
69,2012.0,Male,23.0
70,2015.0,Male,40.0
71,2012.0,Male,48.0
72,2014.0,Female,61.0
73,2014.0,Male,24.0
74,2015.0,Female,59.0
75,2015.0,Female,51.0
76,2015.0,Male,49.0
77,2014.0,Male,26.0
78,2014.0,Male,51.0
79,2015.0,Female,48.0
80,2015.0,Male,55.0
81,2013.0,Female,26.0
82,2012.0,Male,26.0
83,2014.0,Male,61.0
84,2015.0,Female,55.0
85,2013.0,Male,40.0
86,2013.0,Female,29.0
87,2015.0,Male,24.0
88,2013.0,Male,29.0
89,2014.0,Male,37.0
90,2012.0,Female,44.0
91,2014.0,Male,40.0
92,2015.0,Male,57.0
93,2013.0,Female,43.0
94,2014.0,Female,51.0
95,2013.0,Male,30.0
96,2015.0,Male,37.0
97,2012.0,Female,59.0
98,2012.0,Male,58.0
99,2012.0,Male,73.0
100,2014.0,Male,45.0
101,2012.0,Male,39.0
102,2015.0,Female,37.0
103,2015.0,Female,43.0
104,2015.0,Male,21.0
105,2015.0,Female,37.0
106,2012.0,Male,47.0
107,2015.0,Male,45.0
108,2014.0,Female,53.0
109,2013.0,Male,59.0
110,2015.0,Male,51.0
111,2012.0,Male,50.0
112,2013.0,Female,40.0
113,2014.0,Female,56.0
114,2015.0,Male,62.0
115,2014.0,Male,53.0
116,2013.0,Male,32.0
117,2015.0,Male,32.0
118,2013.0,Male,51.0
119,2013.0,Male,56.0
120,2015.0,Male,59.0
121,2013.0,Female,26.0
122,2015.0,Male,50.0
123,2015.0,Female,37.0
124,2013.0,Female,26.0
125,2015.0,Female,38.0
126,2013.0,Male,45.0
127,2013.0,Male,28.0
128,2013.0,Male,42.0
129,2014.0,Male,38.0
130,2015.0,Male,25.0
131,2012.0,Male,25.0
132,2013.0,Male,22.0
133,2012.0,Male,52.0
134,2014.0,Female,50.0
135,2014.0,Male,44.0
136,2012.0,Female,48.0
137,2015.0,Male,24.0
138,2015.0,Male,60.0
139,2013.0,Male,61.0
140,2013.0,Female,37.0
141,2012.0,Male,23.0
142,2012.0,Female,70.0
143,2013.0,Female,30.0
144,2013.0,Male,23.0
145,2012.0,Female,45.0
146,2012.0,Male,49.0
147,2014.0,Male,39.0
148,2014.0,Male,34.0
149,2015.0,Male,23.0
150,2015.0,Female,59.0
151,2014.0,Male,55.0
152,2014.0,Male,35.0
153,2013.0,Male,47.0
154,2014.0,Female,43.0
155,2014.0,Male,54.0
156,2013.0,Male,37.0
157,2012.0,Male,51.0
158,2014.0,Female,29.0
159,2014.0,Female,24.0
160,2015.0,Male,57.0
161,2013.0,Male,55.0
162,2015.0,Male,35.0
163,2013.0,Female,61.0
164,2014.0,Male,41.0
165,2012.0,Male,58.0
166,2013.0,Male,53.0
167,2014.0,Male,31.0
168,2013.0,Female,24.0
169,2014.0,Male,42.0
170,2015.0,Female,50.0
171,2013.0,Male,40.0
172,2013.0,Male,61.0
173,2015.0,Male,20.0
174,2014.0,Female,40.0
175,2014.0,Male,49.0
176,2012.0,Male,42.0
177,2013.0,Female,36.0
178,2013.0,Male,42.0
179,2013.0,Male,30.0
180,2015.0,Female,57.0
181,2013.0,Male,58.0
182,2012.0,Male,36.0
183,2012.0,Male,39.0
184,2014.0,Male,46.0
185,2014.0,Male,27.0
186,2013.0,Female,42.0
187,2014.0,Male,57.0
188,2014.0,Female,52.0
189,2014.0,Male,35.0
190,2015.0,Male,24.0
191,2015.0,Male,58.0
192,2014.0,Male,43.0
193,2013.0,Male,24.0
194,2014.0,Female,29.0
195,2015.0,Male,56.0
196,2013.0,Female,51.0
197,2013.0,Male,46.0
198,2012.0,Male,49.0
199,2015.0,Female,55.0
200,2013.0,Male,38.0
201,2015.0,Male,26.0
202,2012.0,Male,29.0
203,2012.0,Female,35.0
204,2015.0,Female,60.0
205,2014.0,Male,33.0
206,2014.0,Male,50.0
207,2013.0,Female,36.0
208,2015.0,Female,27.0
209,2015.0,Male,31.0
210,2015.0,Male,51.0
211,2013.0,Male,29.0
212,2013.0,Male,25.0
213,2013.0,Female,41.0
214,2015.0,Male,27.0
215,2012.0,Male,31.0
216,2013.0,Male,48.0
217,2013.0,Male,34.0
218,2012.0,Male,47.0
219,2014.0,Female,38.0
220,2012.0,Female,53.0
221,2014.0,Female,49.0
222,2012.0,Male,39.0
223,2013.0,Male,40.0
224,2015.0,Male,31.0
225,2015.0,Male,49.0
226,2014.0,Female,49.0
227,2014.0,Female,26.0
228,2013.0,Male,23.0
229,2015.0,Female,26.0
230,2013.0,Male,50.0
231,2015.0,Male,49.0
232,2014.0,Male,26.0
233,2015.0,Male,36.0
234,2012.0,Female,46.0
235,2014.0,Male,43.0
236,2013.0,Male,26.0
237,2012.0,Male,54.0
238,2012.0,Male,39.0
239,2014.0,Male,46.0
240,2014.0,Female,44.0
241,2014.0,Female,21.0
242,2015.0,Male,26.0
243,2013.0,Male,56.0
244,2015.0,Female,56.0
245,2014.0,Female,32.0
246,2013.0,Male,61.0
247,2012.0,Male,28.0
248,2014.0,Female,33.0
249,2015.0,Male,46.0
250,2015.0,Male,51.0
251,2015.0,Male,28.0
252,2013.0,Male,27.0
253,2012.0,Female,46.0
254,2013.0,Male,54.0
255,2015.0,Female,43.0
256,2015.0,Female,22.0
257,2015.0,Female,58.0
258,2015.0,Male,34.0
259,2015.0,Female,39.0
260,2015.0,Male,60.0
261,2014.0,Male,29.0
262,2012.0,Female,51.0
263,2015.0,Male,33.0
264,2015.0,Female,59.0
265,2012.0,Male,42.0
266,2012.0,Male,37.0
267,2015.0,Male,38.0
268,2014.0,Male,59.0
269,2014.0,Male,26.0
270,2015.0,Male,21.0
271,2012.0,Male,45.0
272,2013.0,Female,31.0
273,2015.0,Female,49.0
274,2012.0,Male,44.0
275,2014.0,Female,56.0
276,2015.0,Male,47.0
277,2015.0,Female,28.0
278,2014.0,Male,62.0
279,2015.0,Female,58.0
280,2012.0,Male,30.0
281,2014.0,Female,35.0
282,2013.0,Male,55.0
283,2013.0,Male,42.0
284,2014.0,Male,30.0
285,2012.0,Female,57.0
286,2012.0,Male,61.0
287,2015.0,Female,45.0
288,2014.0,Male,62.0
289,2015.0,Female,41.0
290,2014.0,Male,29.0
291,2015.0,Male,51.0
292,2013.0,Male,48.0
293,2012.0,Male,32.0
294,2015.0,Female,35.0
295,2012.0,Male,30.0
296,2013.0,Male,63.0
297,2015.0,Male,36.0
298,2014.0,Male,40.0
299,2014.0,Male,41.0
300,2015.0,Female,51.0
301,2014.0,Female,72.0
302,2015.0,Female,49.0
303,2012.0,Female,52.0
304,2014.0,Female,29.0
305,2013.0,Male,56.0
306,2013.0,Female,34.0
307,2014.0,Female,29.0
308,2015.0,Male,35.0
309,2015.0,Female,40.0
310,2014.0,Male,30.0
311,2014.0,Female,43.0
312,2014.0,Male,41.0
313,2012.0,Male,47.0
314,2013.0,Male,58.0
315,2012.0,Male,55.0
316,2013.0,Male,56.0
317,2014.0,Male,44.0
318,2015.0,Male,21.0
319,2013.0,Female,44.0
320,2015.0,Male,71.0
321,2014.0,Male,42.0
322,2013.0,Male,36.0
323,2012.0,Male,32.0
324,2013.0,Female,40.0
325,2012.0,Male,30.0
326,2015.0,Male,35.0
327,2013.0,Male,60.0
328,2015.0,Male,26.0
329,2015.0,Male,60.0
330,2014.0,Female,49.0
331,2013.0,Female,67.0
332,2014.0,Male,54.0
333,2014.0,Female,23.0
334,2013.0,Female,45.0
335,2015.0,Male,39.0
336,2014.0,Male,34.0
337,2015.0,Female,52.0
338,2015.0,Male,53.0
339,2012.0,Male,24.0
340,2012.0,Male,58.0
341,2014.0,Female,26.0
342,2014.0,Male,42.0
343,2015.0,Male,64.0
344,2012.0,Male,22.0
345,2014.0,Male,52.0
346,2015.0,Male,48.0
347,2014.0,Female,47.0
348,2015.0,Male,29.0
349,2015.0,Male,51.0
350,2014.0,Male,48.0
351,2012.0,Male,22.0
352,2013.0,Male,59.0
353,2012.0,Female,45.0
354,2012.0,Female,58.0
355,2015.0,Male,32.0
356,2015.0,Male,50.0
357,2013.0,Male,53.0
358,2013.0,Male,41.0
359,2014.0,Male,55.0
360,2012.0,Male,34.0
361,2014.0,Male,27.0
362,2012.0,Male,49.0
363,2014.0,Male,28.0
364,2012.0,Male,32.0
365,2013.0,Male,56.0
366,2013.0,Female,46.0
367,2014.0,Female,20.0
368,2014.0,Male,44.0
369,2013.0,Male,47.0
370,2013.0,Male,44.0
371,2015.0,Male,36.0
372,2015.0,Male,21.0
373,2015.0,Male,30.0
374,2012.0,Female,45.0
375,2013.0,Male,46.0
376,2013.0,Male,51.0
377,2014.0,Male,51.0
378,2014.0,Male,28.0
379,2013.0,Male,30.0
380,2012.0,Male,53.0
381,2015.0,Male,24.0
382,2013.0,Male,45.0
383,2015.0,Male,22.0
384,2012.0,Male,20.0
385,2013.0,Female,56.0
386,2012.0,Female,24.0
387,2012.0,Male,29.0
388,2015.0,Male,69.0
389,2015.0,Male,46.0
390,2014.0,Male,44.0
391,2015.0,Female,28.0
392,2013.0,Female,27.0
393,2012.0,Male,44.0
394,2013.0,Male,49.0
395,2015.0,Female,35.0
396,2015.0,Male,55.0
397,2014.0,Male,47.0
398,2012.0,Male,26.0
399,2014.0,Female,52.0
400,2015.0,Male,52.0
401,2015.0,Male,52.0
402,2013.0,Male,60.0
403,2012.0,Male,63.0
404,2012.0,Male,67.0
405,2014.0,Male,42.0
406,2015.0,Male,37.0
407,2014.0,Male,46.0
408,2014.0,Male,37.0
409,2015.0,Male,38.0
410,2013.0,Female,58.0
411,2015.0,Female,33.0
412,2015.0,Male,47.0
413,2015.0,Male,38.0
414,2013.0,Male,40.0
415,2012.0,Male,40.0
416,2013.0,Male,42.0
417,2013.0,Male,41.0
418,2014.0,Female,24.0
419,2013.0,Male,30.0
420,2012.0,Female,52.0
421,2014.0,Male,33.0
422,2015.0,Male,29.0
423,2015.0,Female,57.0
424,2015.0,Male,29.0
425,2013.0,Male,23.0
426,2015.0,Male,35.0
427,2014.0,Female,37.0
428,2015.0,Male,24.0
429,2014.0,Male,35.0
430,2015.0,Male,39.0
431,2013.0,Female,56.0
432,2013.0,Female,58.0
433,2014.0,Female,37.0
434,2012.0,Female,40.0
435,2015.0,Female,36.0
436,2013.0,Female,25.0
437,2014.0,Male,46.0
438,2013.0,Female,37.0
439,2012.0,Male,38.0
440,2013.0,Male,48.0
441,2015.0,Male,38.0
442,2015.0,Female,57.0
443,2013.0,Male,29.0
444,2014.0,Male,22.0
445,2015.0,Male,35.0
446,2012.0,Male,60.0
447,2014.0,Male,45.0
448,2014.0,Male,57.0
449,2012.0,Male,33.0
450,2013.0,Male,44.0
451,2015.0,Male,50.0
452,2012.0,Male,43.0
453,2012.0,Male,49.0
454,2015.0,Male,52.0
455,2014.0,Male,29.0
456,2013.0,Female,26.0
457,2015.0,Female,58.0
458,2015.0,Male,30.0
459,2014.0,Male,23.0
460,2014.0,Male,41.0
461,2014.0,Female,47.0
462,2012.0,Male,29.0
463,2012.0,Male,49.0
464,2013.0,Male,29.0
465,2012.0,Male,34.0
466,2012.0,Male,29.0
467,2014.0,Male,35.0
468,2013.0,Female,40.0
469,2012.0,Female,51.0
470,2015.0,Male,63.0
471,2014.0,Male,37.0
472,2012.0,Male,24.0
473,2013.0,Female,60.0
474,2013.0,Male,30.0
475,2014.0,Female,48.0
476,2012.0,Male,49.0
477,2014.0,Female,30.0
478,2012.0,Male,41.0
479,2015.0,Male,31.0
480,2014.0,Male,50.0
481,2014.0,Male,52.0
482,2013.0,Male,57.0
483,2014.0,Male,64.0
484,2014.0,Male,32.0
485,2014.0,Male,56.0
486,2015.0,Male,43.0
487,2013.0,Male,44.0
488,2014.0,Male,59.0
489,2012.0,Female,53.0
490,2015.0,Female,25.0
491,2013.0,Male,40.0
492,2014.0,Female,57.0
493,2015.0,Male,55.0
494,2014.0,Male,25.0
495,2015.0,Male,24.0
496,2014.0,Male,17.0
497,2014.0,Female,51.0
498,2013.0,Female,45.0
499,2012.0,Male,26.0
500,2015.0,Male,53.0
501,2012.0,Male,35.0
502,2012.0,Male,31.0
503,2015.0,Male,54.0
504,2015.0,Male,49.0
505,2013.0,Female,41.0
506,2012.0,Male,58.0
507,2014.0,Male,28.0
508,2014.0,Male,34.0
509,2013.0,Male,29.0
510,2015.0,Female,41.0
511,2014.0,Male,54.0
512,2014.0,Female,14.0
513,2014.0,Male,26.0
514,2014.0,Male,49.0
515,2015.0,Male,53.0
516,2014.0,Male,24.0
517,2013.0,Female,51.0
518,2014.0,Male,50.0
519,2013.0,Male,56.0
520,2015.0,Male,55.0
521,2013.0,Male,58.0
522,2013.0,Male,29.0
523,2014.0,Male,48.0
524,2014.0,Male,23.0
525,2012.0,Female,50.0
526,2013.0,Male,65.0
527,2014.0,Male,42.0
528,2013.0,Male,25.0
529,2015.0,Male,68.0
530,2013.0,Male,20.0
531,2015.0,Female,40.0
532,2014.0,Female,47.0
533,2014.0,Male,49.0
534,2013.0,Male,31.0
535,2013.0,Male,26.0
536,2013.0,Male,27.0
537,2014.0,Male,58.0
538,2012.0,Male,37.0
539,2013.0,Male,31.0
540,2013.0,Male,45.0
541,2013.0,Male,52.0
542,2014.0,Female,44.0
543,2015.0,Male,44.0
544,2014.0,Male,39.0
545,2013.0,Female,48.0
546,2014.0,Female,19.0
547,2013.0,Male,29.0
548,2013.0,Female,44.0
549,2015.0,Male,52.0
550,2015.0,Male,20.0
551,2012.0,Female,47.0
552,2015.0,Male,26.0
553,2013.0,Male,39.0
554,2012.0,Male,44.0
555,2015.0,Male,51.0
556,2014.0,Female,49.0
557,2013.0,Female,30.0
558,2012.0,Male,21.0
559,2014.0,Male,48.0
560,2014.0,Male,42.0
561,2013.0,Male,56.0
562,2014.0,Male,43.0
563,2015.0,Female,38.0
564,2013.0,Male,33.0
565,2012.0,Male,43.0
566,2015.0,Male,59.0
567,2013.0,Female,48.0
568,2012.0,Female,38.0
569,2012.0,Male,18.0
570,2013.0,Male,44.0
571,2015.0,Female,55.0
572,2012.0,Male,21.0
573,2015.0,Male,56.0
574,2014.0,Male,57.0
575,2015.0,Male,53.0
576,2014.0,Male,44.0
577,2014.0,Male,24.0
578,2012.0,Female,38.0
579,2013.0,Male,43.0
580,2014.0,Female,54.0
581,2013.0,Female,58.0
582,2015.0,Male,24.0
583,2012.0,Female,59.0
584,2015.0,Male,41.0
585,2012.0,Male,40.0
586,2014.0,Female,49.0
587,2014.0,Male,36.0
588,2014.0,Male,32.0
589,2012.0,Male,30.0
590,2012.0,Male,47.0
591,2014.0,Male,53.0
592,2012.0,Male,52.0
593,2013.0,Male,19.0
594,2014.0,Female,65.0
595,2013.0,Male,39.0
596,2014.0,Male,51.0
597,2014.0,Male,36.0
598,2012.0,Male,50.0
599,2014.0,Male,41.0
600,2014.0,Male,35.0
601,2015.0,Male,48.0
602,2015.0,Male,35.0
603,2014.0,Female,36.0
604,2012.0,Male,44.0
605,2013.0,Male,66.0
606,2015.0,Male,28.0
607,2014.0,Female,45.0
608,2015.0,Female,33.0
609,2012.0,Male,20.0
610,2015.0,Male,44.0
611,2015.0,Male,29.0
612,2015.0,Male,42.0
613,2012.0,Male,55.0
614,2014.0,Male,42.0
615,2014.0,Male,70.0
616,2015.0,Male,55.0
617,2013.0,Male,43.0
618,2012.0,Male,51.0
619,2014.0,Male,35.0
620,2013.0,Male,32.0
621,2015.0,Male,52.0
622,2015.0,Male,63.0
623,2015.0,Male,54.0
624,2015.0,Male,35.0
625,2015.0,Male,27.0
626,2013.0,Male,31.0
627,2012.0,Male,45.0
628,2014.0,Male,54.0
629,2014.0,Female,23.0
630,2012.0,Female,54.0
631,2013.0,Male,61.0
632,2013.0,Male,54.0
633,2014.0,Male,28.0
634,2014.0,Female,48.0
635,2015.0,Male,45.0
636,2015.0,Female,38.0
637,2014.0,Male,32.0
638,2013.0,Male,51.0
639,2012.0,Male,52.0
640,2015.0,Male,56.0
641,2012.0,Female,56.0
642,2013.0,Male,26.0
643,2014.0,Male,31.0
644,2013.0,Female,43.0
645,2012.0,Male,40.0
646,2013.0,Female,42.0
647,2015.0,Male,27.0
648,2013.0,Female,47.0
649,2013.0,Male,24.0
650,2015.0,Male,27.0
651,2014.0,Male,51.0
652,2014.0,Male,68.0
653,2013.0,Male,51.0
654,2014.0,Male,49.0
655,2014.0,Male,50.0
656,2014.0,Male,55.0
657,2013.0,Male,22.0
658,2013.0,Male,29.0
659,2012.0,Male,37.0
660,2013.0,Female,53.0
661,2014.0,Female,39.0
662,2014.0,Male,33.0
663,2015.0,Female,38.0
664,2014.0,Male,28.0
665,2015.0,Male,50.0
666,2013.0,Female,39.0
667,2013.0,Female,26.0
668,2013.0,Female,33.0
669,2013.0,Male,53.0
670,2013.0,Male,20.0
671,2013.0,Female,50.0
672,2015.0,Male,20.0
673,2015.0,Male,27.0
674,2014.0,Male,40.0
675,2014.0,Male,25.0
676,2014.0,Male,36.0
677,2012.0,Female,51.0
678,2015.0,Female,51.0
679,2012.0,Male,54.0
680,2014.0,Male,53.0
681,2012.0,Male,25.0
682,2013.0,Male,54.0
683,2012.0,Female,21.0
684,2014.0,Male,45.0
685,2014.0,Female,24.0
686,2015.0,Male,45.0
687,2013.0,Male,64.0
688,2015.0,Male,68.0
689,2012.0,Male,45.0
690,2015.0,Female,47.0
691,2015.0,Male,53.0
692,2015.0,Male,29.0
693,2013.0,Female,26.0
694,2014.0,Male,31.0
695,2013.0,Female,20.0
696,2015.0,Male,58.0
697,2012.0,Male,45.0
698,2013.0,Male,53.0
699,2013.0,Male,36.0
700,2015.0,Male,32.0
701,2013.0,Male,21.0
702,2015.0,Female,33.0
703,2015.0,Male,27.0
704,2015.0,Male,34.0
705,2014.0,Male,34.0
706,2013.0,Male,30.0
707,2012.0,Male,59.0
708,2013.0,Male,48.0
709,2015.0,Male,51.0
710,2015.0,Male,59.0
711,2013.0,Male,45.0
712,2014.0,Male,43.0
713,2013.0,Male,48.0
714,2013.0,Male,54.0
715,2013.0,Male,46.0
716,2013.0,Female,63.0
717,2014.0,Female,42.0
718,2013.0,Male,47.0
719,2013.0,Male,29.0
720,2012.0,Male,28.0
721,2014.0,Male,24.0
722,2015.0,Male,42.0
723,2015.0,Male,49.0
724,2015.0,Male,28.0
725,2013.0,Male,33.0
726,2013.0,Male,58.0
727,2013.0,Male,55.0
728,2015.0,Male,33.0
729,2015.0,Male,20.0
730,2012.0,Male,44.0
731,2012.0,Male,28.0
732,2015.0,Male,25.0
733,2015.0,Male,38.0
734,2015.0,Male,50.0
735,2014.0,Male,41.0
736,2014.0,Male,44.0
737,2015.0,Male,32.0
738,2012.0,Male,52.0
739,2013.0,Male,34.0
740,2014.0,Male,23.0
741,2012.0,Male,35.0
742,2012.0,Male,45.0
743,2012.0,Male,43.0
744,2012.0,Female,40.0
745,2013.0,Male,18.0
746,2014.0,Male,43.0
747,2012.0,Male,31.0
748,2015.0,Male,41.0
749,2013.0,Male,38.0
750,2014.0,Male,46.0
751,2015.0,Male,45.0
752,2014.0,Female,50.0
753,2015.0,Male,33.0
754,2012.0,Male,51.0
755,2015.0,Male,65.0
756,2014.0,Female,30.0
757,2012.0,Male,57.0
758,2014.0,Male,47.0
759,2012.0,Male,17.0
760,2015.0,Male,25.0
761,2013.0,Male,49.0
762,2014.0,Female,52.0
763,2014.0,Male,50.0
764,2014.0,Male,39.0
765,2012.0,Female,29.0
766,2013.0,Male,46.0
767,2014.0,Male,28.0
768,2014.0,Female,54.0
769,2012.0,Male,44.0
770,2014.0,Male,26.0
771,2012.0,Female,23.0
772,2014.0,Male,38.0
773,2013.0,Male,24.0
774,2013.0,Female,28.0
775,2012.0,Male,38.0
776,2012.0,Female,45.0
777,2013.0,Female,44.0
778,2013.0,Male,24.0
779,2013.0,Male,43.0
780,2015.0,Male,51.0
781,2014.0,Male,58.0
782,2013.0,Male,60.0
783,2015.0,Male,41.0
784,2014.0,Male,66.0
785,2013.0,Male,52.0
786,2015.0,Male,55.0
787,2014.0,Male,27.0
788,2012.0,Male,30.0
789,2014.0,Female,71.0
790,2012.0,Female,31.0
791,2014.0,Male,50.0
792,2015.0,Male,56.0
793,2013.0,Male,35.0
794,2013.0,Male,52.0
795,2015.0,Female,55.0
796,2014.0,Female,27.0
797,2012.0,Male,36.0
798,2012.0,Male,51.0
799,2012.0,Female,37.0
800,2015.0,Male,31.0
801,2015.0,Male,23.0
802,2015.0,Male,50.0
803,2012.0,Male,30.0
804,2014.0,Male,28.0
805,2014.0,Female,54.0
806,2015.0,Male,36.0
807,2013.0,Female,38.0
808,2012.0,Male,45.0
809,2014.0,Male,47.0
810,2015.0,Female,59.0
811,2013.0,Male,48.0
812,2015.0,Male,31.0
813,2015.0,Female,42.0
814,2013.0,Female,56.0
815,2013.0,Male,34.0
816,2014.0,Male,54.0
817,2014.0,Female,34.0
818,2015.0,Male,43.0
819,2014.0,Male,25.0
820,2015.0,Male,62.0
821,2014.0,Male,45.0
822,2012.0,Female,29.0
823,2013.0,Male,54.0
824,2012.0,Female,49.0
825,2014.0,Male,36.0
826,2014.0,Male,52.0
827,2012.0,Female,57.0
828,2013.0,Female,50.0
829,2013.0,Male,47.0
830,2013.0,Male,47.0
831,2013.0,Female,58.0
832,2013.0,Female,31.0
833,2015.0,Male,37.0
834,2012.0,Male,30.0
835,2012.0,Female,34.0
836,2013.0,Male,49.0
837,2015.0,Female,72.0
838,2014.0,Male,39.0
839,2013.0,Male,56.0
840,2013.0,Male,34.0
841,2014.0,Male,27.0
842,2015.0,Female,39.0
843,2015.0,Female,34.0
844,2014.0,Female,66.0
845,2015.0,Male,69.0
846,2014.0,Male,44.0
847,2012.0,Female,24.0
848,2014.0,Male,49.0
849,2012.0,Female,26.0
850,2012.0,Male,27.0
851,2014.0,Male,48.0
852,2015.0,Male,23.0
853,2013.0,Male,32.0
854,2012.0,Female,30.0
855,2014.0,Female,25.0
856,2012.0,Male,20.0
857,2013.0,Male,29.0
858,2015.0,Male,55.0
859,2013.0,Female,47.0
860,2013.0,Female,33.0
861,2013.0,Male,44.0
862,2013.0,Male,36.0
863,2014.0,Female,41.0
864,2014.0,Male,25.0
865,2012.0,Male,36.0
866,2013.0,Male,31.0
867,2012.0,Male,33.0
868,2015.0,Male,50.0
869,2013.0,Male,50.0
870,2014.0,Male,37.0
871,2015.0,Male,23.0
872,2012.0,Male,58.0
873,2013.0,Male,46.0
874,2012.0,Male,48.0
875,2012.0,Male,20.0
876,2014.0,Female,51.0
877,2013.0,Male,50.0
878,2014.0,Female,36.0
879,2014.0,Female,39.0
880,2013.0,Male,50.0
881,2015.0,Female,45.0
882,2015.0,Male,21.0
883,2013.0,Male,22.0
884,2015.0,Male,58.0
885,2013.0,Female,58.0
886,2012.0,Male,27.0
887,2014.0,Female,35.0
888,2013.0,Male,22.0
889,2013.0,Male,38.0
890,2014.0,Female,20.0
891,2012.0,Male,38.0
892,2015.0,Male,47.0
893,2015.0,Female,72.0
894,2013.0,Male,20.0
895,2014.0,Male,40.0
896,2013.0,Female,63.0
897,2015.0,Male,34.0
898,2012.0,Male,25.0
899,2014.0,Male,58.0
900,2015.0,Female,28.0
901,2012.0,Male,40.0
902,2013.0,Male,20.0
903,2014.0,Male,35.0
904,2015.0,Female,48.0
905,2014.0,Female,55.0
906,2015.0,Male,57.0
907,2013.0,Male,47.0
908,2015.0,Male,28.0
909,2013.0,Male,47.0
910,2014.0,Female,53.0
911,2013.0,Male,32.0
912,2015.0,Female,19.0
913,2014.0,Female,59.0
914,2012.0,Female,62.0
915,2012.0,Male,50.0
916,2014.0,Male,25.0
917,2014.0,Male,65.0
918,2012.0,Female,54.0
919,2012.0,Male,54.0
920,2015.0,Male,42.0
921,2012.0,Male,54.0
922,2013.0,Female,49.0
923,2013.0,Male,40.0
924,2015.0,Female,51.0
925,2014.0,Female,54.0
926,2015.0,Male,18.0
927,2014.0,Female,35.0
928,2014.0,Female,70.0
929,2014.0,Male,75.0
930,2015.0,Male,37.0
931,2013.0,Male,57.0
932,2015.0,Male,36.0
933,2014.0,Male,29.0
934,2012.0,Male,50.0
935,2012.0,Female,52.0
936,2012.0,Female,75.0
937,2014.0,Male,29.0
938,2014.0,Male,37.0
939,2015.0,Female,44.0
940,2013.0,Female,41.0
941,2013.0,Male,22.0
942,2012.0,Female,31.0
943,2013.0,Female,20.0
944,2014.0,Male,40.0
945,2013.0,Female,63.0
946,2014.0,Female,51.0
947,2012.0,Male,66.0
948,2013.0,Male,36.0
949,2016.0,Male,36.0
950,2013.0,Male,34.0
951,2012.0,Male,32.0
952,2014.0,Female,54.0
953,2015.0,Female,39.0
954,2013.0,Male,39.0
955,2014.0,Female,43.0
956,2013.0,Female,51.0
957,2013.0,Female,45.0
958,2015.0,Male,23.0
959,2013.0,Male,53.0
960,2014.0,Male,54.0
961,2013.0,Female,27.0
962,2015.0,Male,28.0
963,2014.0,Male,18.0
964,2015.0,Male,34.0
965,2013.0,Female,53.0
966,2013.0,Male,60.0
967,2013.0,Male,26.0
968,2013.0,Female,58.0
969,2014.0,Male,38.0
970,2014.0,Female,43.0
971,2014.0,Male,54.0
972,2014.0,Female,53.0
973,2013.0,Male,32.0
974,2012.0,Male,23.0
975,2015.0,Female,32.0
976,2014.0,Male,47.0
977,2014.0,Male,44.0
978,2012.0,Female,47.0
979,2012.0,Male,53.0
980,2014.0,Male,37.0
981,2012.0,Male,19.0
982,2014.0,Female,27.0
983,2014.0,Male,54.0
984,2015.0,Female,45.0
985,2015.0,Male,50.0
986,2012.0,Male,29.0
987,2014.0,Male,24.0
988,2012.0,Male,32.0
989,2012.0,Male,34.0
990,2013.0,Male,21.0
991,2013.0,Female,48.0
992,2014.0,Male,44.0
993,2012.0,Male,29.0
994,2013.0,Male,37.0
995,2014.0,Female,49.0
996,2015.0,Male,25.0
997,2015.0,Male,58.0
998,2014.0,Male,28.0
999,2015.0,Female,21.0
1000,2014.0,Female,49.0
1001,2014.0,Male,50.0
1002,2013.0,Male,52.0
1003,2015.0,Male,52.0
1004,2015.0,Male,46.0
1005,2014.0,Male,21.0
1006,2013.0,Male,26.0
1007,2012.0,Male,22.0
1008,2014.0,Male,40.0
1009,2013.0,Male,22.0
1010,2015.0,Male,39.0
1011,2013.0,Male,47.0
1012,2015.0,Female,55.0
1013,2013.0,Female,32.0
1014,2013.0,Male,22.0
1015,2014.0,Male,44.0
1016,2014.0,Female,55.0
1017,2013.0,Male,35.0
1018,2015.0,Male,29.0
1019,2012.0,Female,43.0
1020,2015.0,Female,54.0
1021,2015.0,Male,39.0
1022,2014.0,Male,54.0
1023,2015.0,Female,44.0
1024,2012.0,Female,28.0
1025,2014.0,Female,48.0
1026,2015.0,Male,57.0
1027,2015.0,Male,29.0
1028,2012.0,Female,48.0
1029,2015.0,Male,62.0
1030,2013.0,Female,49.0
1031,2014.0,Female,47.0
1032,2012.0,Female,30.0
1033,2014.0,Male,59.0
1034,2014.0,Male,22.0
1035,2012.0,Male,21.0
1036,2014.0,Female,53.0
1037,2013.0,Male,46.0
1038,2014.0,Male,50.0
1039,2015.0,Male,52.0
1040,2015.0,Male,33.0
1041,2014.0,Male,39.0
1042,2014.0,Female,35.0
1043,2015.0,Male,27.0
1044,2012.0,Male,45.0
1045,2015.0,Male,53.0
1046,2014.0,Female,51.0
1047,2015.0,Male,27.0
1048,2015.0,Male,62.0
1049,2013.0,Male,25.0
1050,2015.0,Female,45.0
1051,2014.0,Male,33.0
1052,2012.0,Male,46.0
1053,2015.0,Male,46.0
1054,2015.0,Female,53.0
1055,2013.0,Female,55.0
1056,2014.0,Female,43.0
1057,2015.0,Male,42.0
1058,2014.0,Male,45.0
1059,2012.0,Female,21.0
1060,2012.0,Female,32.0
1061,2014.0,Male,44.0
1062,2014.0,Female,51.0
1063,2015.0,Female,50.0
1064,2014.0,Male,32.0
1065,2012.0,Male,48.0
1066,2015.0,Male,48.0
1067,2015.0,Male,51.0
1068,2013.0,Male,43.0
1069,2014.0,Male,45.0
1070,2015.0,Male,26.0
1071,2014.0,Male,70.0
1072,2015.0,Female,36.0
1073,2015.0,Male,30.0
1074,2012.0,Male,40.0
1075,2012.0,Female,57.0
1076,2015.0,Female,25.0
1077,2013.0,Male,21.0
1078,2014.0,Male,36.0
1079,2014.0,Male,33.0
1080,2014.0,Male,43.0
1081,2012.0,Male,36.0
1082,2014.0,Male,54.0
1083,2013.0,Male,26.0
1084,2013.0,Female,49.0
1085,2012.0,Male,29.0
1086,2013.0,Female,32.0
1087,2014.0,Male,71.0
1088,2013.0,Male,49.0
1089,2015.0,Male,59.0
1090,2012.0,Male,31.0
1091,2014.0,Male,37.0
1092,2013.0,Male,51.0
1093,2014.0,Male,50.0
1094,2015.0,Male,60.0
1095,2014.0,Male,58.0
1096,2015.0,Male,55.0
1097,2013.0,Male,44.0
1098,2015.0,Male,45.0
1099,2013.0,Female,49.0
1100,2012.0,Male,45.0
1101,2013.0,Male,39.0
1102,2015.0,Female,39.0
1103,2014.0,Male,45.0
1104,2013.0,Female,59.0
1105,2012.0,Male,46.0
1106,2013.0,Male,58.0
1107,2013.0,Male,32.0
1108,2014.0,Male,51.0
1109,2013.0,Male,30.0
1110,2015.0,Female,57.0
1111,2014.0,Male,26.0
1112,2013.0,Male,51.0
1113,2014.0,Male,34.0
1114,2012.0,Female,55.0
1115,2014.0,Male,24.0
1116,2015.0,Male,36.0
1117,2014.0,Female,44.0
1118,2015.0,Male,32.0
1119,2014.0,Male,38.0
1120,2015.0,Female,53.0
1121,2015.0,Female,26.0
1122,2015.0,Male,26.0
1123,2014.0,Male,28.0
1124,2015.0,Male,48.0
1125,2012.0,Male,22.0
1126,2013.0,Female,32.0
1127,2012.0,Male,42.0
1128,2012.0,Male,59.0
1129,2012.0,Female,19.0
1130,2014.0,Male,26.0
1131,2015.0,Male,38.0
1132,2014.0,Female,35.0
1133,2013.0,Female,35.0
1134,2012.0,Male,49.0
1135,2015.0,Female,66.0
1136,2012.0,Male,49.0
1137,2015.0,Male,58.0
1138,2012.0,Male,46.0
1139,2013.0,Male,42.0
1140,2015.0,Female,51.0
1141,2012.0,Male,31.0
1142,2012.0,Male,48.0
1143,2012.0,Female,50.0
1144,2015.0,Male,40.0
1145,2014.0,Male,35.0
1146,2014.0,Male,44.0
1147,2014.0,Male,35.0
1148,2012.0,Male,29.0
1149,2014.0,Female,61.0
1150,2015.0,Male,55.0
1151,2014.0,Female,25.0
1152,2015.0,Male,41.0
1153,2014.0,Male,48.0
1154,2012.0,Male,30.0
1155,2013.0,Female,35.0
1156,2012.0,Male,54.0
1157,2015.0,Male,53.0
1158,2012.0,Female,50.0
1159,2013.0,Male,57.0
1160,2013.0,Male,53.0
1161,2013.0,Male,24.0
1162,2013.0,Male,34.0
1163,2014.0,Female,59.0
1164,2013.0,Male,24.0
1165,2015.0,Male,39.0
1166,2015.0,Female,39.0
1167,2015.0,Female,38.0
1168,2013.0,Male,24.0
1169,2015.0,Male,26.0
1170,2013.0,Male,59.0
1171,2014.0,Male,29.0
1172,2014.0,Female,68.0
1173,2014.0,Male,49.0
1174,2015.0,Male,21.0
1175,2015.0,Male,56.0
1176,2015.0,Male,37.0
1177,2014.0,Male,40.0
1178,2013.0,Male,29.0
1179,2015.0,Female,17.0
1180,2014.0,Male,19.0
1181,2012.0,Male,63.0
1182,2013.0,Male,59.0
1183,2015.0,Male,35.0
1184,2015.0,Female,50.0
1185,2013.0,Male,50.0
1186,2015.0,Male,62.0
1187,2013.0,Male,40.0
1188,2014.0,Female,27.0
1189,2013.0,Male,32.0
1190,2015.0,Male,33.0
1191,2015.0,Male,31.0
1192,2012.0,Male,56.0
1193,2014.0,Male,40.0
1194,2013.0,Female,43.0
1195,2015.0,Male,30.0
1196,2015.0,Male,55.0
1197,2014.0,Male,59.0
1198,2014.0,Female,48.0
1199,2015.0,Female,66.0
1200,2014.0,Male,18.0
1201,2012.0,Male,35.0
1202,2015.0,Female,39.0
1203,2015.0,Male,53.0
1204,2012.0,Male,60.0
1205,2015.0,Male,29.0
1206,2015.0,Male,62.0
1207,2013.0,Male,37.0
1208,2013.0,Male,25.0
1209,2015.0,Male,45.0
1210,2014.0,Female,46.0
1211,2012.0,Male,57.0
1212,2014.0,Male,30.0
1213,2013.0,Male,47.0
1214,2013.0,Female,44.0
1215,2012.0,Male,46.0
1216,2014.0,Male,42.0
1217,2013.0,Male,26.0
1218,2013.0,Male,51.0
1219,2012.0,Female,37.0
1220,2013.0,Male,30.0
1221,2014.0,Male,27.0
1222,2013.0,Male,28.0
1223,2012.0,Male,56.0
1224,2012.0,Female,17.0
1225,2013.0,Female,41.0
1226,2015.0,Female,53.0
1227,2013.0,Male,53.0
1228,2012.0,Female,33.0
1229,2014.0,Male,40.0
1230,2015.0,Male,19.0
1231,2015.0,Male,51.0
1232,2014.0,Male,34.0
1233,2013.0,Female,26.0
1234,2014.0,Male,56.0
1235,2014.0,Female,35.0
1236,2013.0,Female,35.0
1237,2015.0,Male,33.0
1238,2015.0,Female,44.0
1239,2013.0,Male,41.0
1240,2013.0,Male,25.0
1241,2012.0,Male,33.0
1242,2015.0,Male,58.0
1243,2012.0,Male,31.0
1244,2014.0,Male,54.0
1245,2015.0,Female,52.0
1246,2013.0,Female,47.0
1247,2014.0,Male,28.0
1248,2014.0,Female,29.0
1249,2012.0,Female,48.0
1250,2014.0,Male,33.0
1251,2014.0,Male,25.0
1252,2013.0,Male,61.0
1253,2014.0,Male,35.0
1254,2015.0,Male,44.0
1255,2012.0,Male,24.0
1256,2014.0,Male,54.0
1257,2015.0,Female,37.0
1258,2015.0,Female,47.0
1259,2014.0,Male,47.0
1260,2012.0,Male,56.0
1261,2015.0,Female,72.0
1262,2015.0,Female,28.0
1263,2014.0,Male,52.0
1264,2012.0,Female,48.0
1265,2013.0,Male,58.0
1266,2013.0,Male,52.0
1267,2014.0,Male,49.0
1268,2014.0,Male,52.0
1269,2015.0,Male,23.0
1270,2012.0,Male,47.0
1271,2015.0,Male,39.0
1272,2015.0,Female,63.0
1273,2015.0,Male,24.0
1274,2013.0,Male,37.0
1275,2015.0,Male,49.0
1276,2015.0,Female,48.0
1277,2012.0,Male,48.0
1278,2012.0,Male,43.0
1279,2013.0,Male,38.0
1280,2014.0,Female,32.0
1281,2012.0,Female,29.0
1282,2013.0,Female,49.0
1283,2012.0,Male,34.0
1284,2014.0,Female,48.0
1285,2013.0,Male,27.0
1286,2014.0,Male,56.0
1287,2014.0,Male,19.0
1288,2014.0,Male,53.0
1289,2014.0,Male,45.0
1290,2012.0,Male,28.0
1291,2013.0,Male,23.0
1292,2012.0,Female,39.0
1293,2012.0,Male,40.0
1294,2013.0,Male,22.0
1295,2013.0,Male,56.0
1296,2012.0,Male,39.0
1297,2013.0,Female,58.0
1298,2014.0,Female,33.0
1299,2014.0,Female,50.0
1300,2015.0,Male,38.0
1301,2015.0,Male,54.0
1302,2012.0,Male,47.0
1303,2012.0,Male,66.0
1304,2014.0,Male,46.0
1305,2014.0,Female,55.0
1306,2012.0,Male,50.0
1307,2012.0,Male,39.0
1308,2015.0,Female,45.0
1309,2014.0,Male,50.0
1310,2012.0,Female,26.0
1311,2013.0,Male,56.0
1312,2013.0,Male,46.0
1313,2012.0,Male,45.0
1314,2012.0,Female,31.0
1315,2013.0,Male,47.0
1316,2014.0,Male,26.0
1317,2014.0,Male,39.0
1318,2013.0,Male,49.0
1319,2014.0,Male,28.0
1320,2012.0,Male,31.0
1321,2012.0,Male,49.0
1322,2014.0,Male,33.0
1323,2014.0,Female,29.0
1324,2015.0,Male,30.0
1325,2013.0,Male,29.0
1326,2015.0,Male,44.0
1327,2015.0,Male,47.0
1328,2015.0,Female,58.0
1329,2014.0,Female,46.0
1330,2013.0,Female,57.0
1331,2013.0,Female,51.0
1332,2015.0,Male,43.0
1333,2015.0,Female,46.0
1334,2015.0,Male,19.0
1335,2015.0,Male,35.0
1336,2015.0,Male,45.0
1337,2014.0,Male,54.0
1338,2015.0,Male,55.0
1339,2014.0,Male,64.0
1340,2015.0,Female,53.0
1341,2012.0,Male,34.0
1342,2014.0,Male,56.0
1343,2015.0,Male,28.0
1344,2015.0,Male,33.0
1345,2013.0,Male,53.0
1346,2013.0,Female,47.0
1347,2015.0,Male,43.0
1348,2012.0,Male,63.0
1349,2015.0,Male,60.0
1350,2014.0,Male,24.0
1351,2014.0,Male,54.0
1352,2015.0,Male,25.0
1353,2013.0,Male,25.0
1354,2015.0,Female,50.0
1355,2012.0,Male,51.0
1356,2015.0,Male,58.0
1357,2015.0,Male,71.0
1358,2014.0,Male,25.0
1359,2012.0,Male,19.0
1360,2014.0,Female,28.0
1361,2015.0,Male,48.0
1362,2015.0,Male,28.0
1363,2015.0,Male,42.0
1364,2014.0,Male,53.0
1365,2015.0,Female,60.0
1366,2015.0,Male,36.0
1367,2012.0,Male,55.0
1368,2015.0,Male,33.0
1369,2014.0,Male,33.0
1370,2015.0,Male,59.0
1371,2013.0,Female,51.0
1372,2013.0,Male,25.0
1373,2013.0,Male,50.0
1374,2015.0,Male,49.0
1375,2012.0,Male,26.0
1376,2012.0,Male,34.0
1377,2015.0,Male,43.0
1378,2015.0,Male,52.0
1379,2014.0,Male,49.0
1380,2013.0,Female,34.0
1381,2012.0,Male,24.0
1382,2013.0,Male,36.0
1383,2013.0,Female,19.0
1384,2015.0,Male,57.0
1385,2015.0,Male,43.0
1386,2015.0,Female,54.0
1387,2015.0,Male,51.0
1388,2014.0,Male,42.0
1389,2013.0,Male,28.0
1390,2013.0,Male,31.0
1391,2013.0,Male,44.0
1392,2015.0,Male,39.0
1393,2014.0,Male,50.0
1394,2015.0,Male,55.0
1395,2013.0,Female,50.0
1396,2015.0,Male,62.0
1397,2015.0,Male,24.0
1398,2015.0,Male,45.0
1399,2012.0,Male,35.0
1400,2014.0,Male,35.0
1401,2014.0,Female,55.0
1402,2012.0,Male,53.0
1403,2015.0,Male,43.0
1404,2012.0,Male,48.0
1405,2013.0,Male,43.0
1406,2015.0,Male,28.0
1407,2013.0,Male,32.0
1408,2015.0,Male,52.0
1409,2014.0,Female,67.0
1410,2015.0,Male,57.0
1411,2014.0,Male,33.0
1412,2013.0,Male,22.0
1413,2015.0,Male,22.0
1414,2013.0,Male,30.0
1415,2015.0,Male,52.0
1416,2014.0,Female,32.0
1417,2015.0,Male,58.0
1418,2013.0,Female,52.0
1419,2014.0,Male,57.0
1420,2014.0,Male,27.0
1421,2012.0,Female,21.0
1422,2015.0,Male,42.0
1423,2014.0,Male,47.0
1424,2013.0,Male,24.0
1425,2013.0,Male,22.0
1426,2015.0,Male,38.0
1427,2016.0,Male,31.0
1428,2015.0,Male,45.0
1429,2013.0,Male,31.0
1430,2013.0,Male,43.0
1431,2014.0,Male,35.0
1432,2015.0,Male,55.0
1433,2015.0,Male,29.0
1434,2012.0,Male,41.0
1435,2013.0,Male,50.0
1436,2012.0,Male,54.0
1437,2015.0,Male,32.0
1438,2014.0,Male,33.0
1439,2013.0,Female,36.0
1440,2013.0,Female,30.0
1441,2015.0,Male,54.0
1442,2013.0,Male,24.0
1443,2014.0,Male,36.0
1444,2014.0,Male,51.0
1445,2014.0,Female,22.0
1446,2013.0,Male,70.0
1447,2014.0,Male,56.0
1448,2013.0,Male,61.0
1449,2014.0,Male,38.0
1450,2013.0,Male,53.0
1451,2014.0,Male,48.0
1452,2013.0,Male,22.0
1453,2015.0,Male,39.0
1454,2013.0,Female,47.0
1455,2015.0,Male,65.0
1456,2013.0,Male,43.0
1457,2015.0,Female,25.0
1458,2014.0,Female,44.0
1459,2013.0,Male,47.0
1460,2013.0,Female,23.0
1461,2015.0,Male,49.0
1462,2014.0,Female,26.0
1463,2013.0,Male,57.0
1464,2015.0,Male,32.0
1465,2014.0,Male,49.0
1466,2014.0,Male,43.0
1467,2015.0,Male,42.0
1468,2015.0,Female,46.0
1469,2015.0,Male,26.0
1470,2013.0,Male,28.0
1471,2012.0,Male,41.0
1472,2014.0,Female,22.0
1473,2015.0,Male,34.0
1474,2014.0,Female,49.0
1475,2012.0,Male,45.0
1476,2012.0,Male,58.0
1477,2013.0,Female,55.0
1478,2015.0,Male,19.0
1479,2013.0,Male,40.0
1480,2014.0,Male,45.0
1481,2015.0,Male,33.0
1482,2014.0,Male,50.0
1483,2013.0,Male,26.0
1484,2014.0,Male,38.0
1485,2015.0,Female,47.0
1486,2014.0,Female,20.0
1487,2015.0,Male,32.0
1488,2015.0,Male,73.0
1489,2012.0,Female,40.0
1490,2014.0,Male,29.0
1491,2012.0,Female,22.0
1492,2015.0,Male,26.0
1493,2015.0,Male,61.0
1494,2014.0,Female,44.0
1495,2014.0,Male,37.0
1496,2015.0,Male,48.0
1497,2012.0,Female,44.0
1498,2014.0,Male,28.0
1499,2012.0,Male,66.0
1500,2015.0,Female,56.0
1501,2013.0,Female,36.0
1502,2012.0,Female,36.0
1503,2013.0,Male,38.0
1504,2013.0,Male,51.0
1505,2015.0,Male,51.0
1506,2015.0,Male,35.0
1507,2015.0,Female,21.0
1508,2015.0,Male,32.0
1509,2013.0,Male,37.0
1510,2014.0,Male,44.0
1511,2013.0,Male,20.0
1512,2012.0,Male,36.0
1513,2015.0,Male,31.0
1514,2015.0,Male,50.0
1515,2013.0,Male,62.0
1516,2015.0,Male,51.0
1517,2013.0,Male,38.0
1518,2014.0,Male,27.0
1519,2013.0,Female,50.0
1520,2014.0,Female,48.0
1521,2015.0,Male,47.0
1522,2014.0,Female,49.0
1523,2015.0,Male,23.0
1524,2013.0,Male,33.0
1525,2015.0,Male,49.0
1526,2014.0,Male,30.0
1527,2013.0,Female,21.0
1528,2013.0,Male,57.0
1529,2013.0,Male,33.0
1530,2015.0,Male,39.0
1531,2013.0,Male,46.0
1532,2014.0,Male,50.0
1533,2014.0,Male,50.0
1534,2015.0,Male,54.0
1535,2014.0,Female,41.0
1536,2014.0,Male,47.0
1537,2015.0,Female,57.0
1538,2015.0,Male,37.0
1539,2012.0,Male,46.0
1540,2015.0,Male,36.0
1541,2014.0,Male,30.0
1542,2014.0,Male,23.0
1543,2013.0,Male,52.0
1544,2014.0,Female,20.0
1545,2014.0,Male,35.0
1546,2014.0,Male,54.0
1547,2013.0,Female,50.0
1548,2015.0,Male,49.0
1549,2015.0,Male,55.0
1550,2015.0,Male,23.0
1551,2015.0,Female,34.0
1552,2015.0,Male,38.0
1553,2015.0,Male,59.0
1554,2012.0,Female,61.0
1555,2012.0,Male,30.0
1556,2013.0,Male,46.0
1557,2013.0,Female,40.0
1558,2013.0,Female,54.0
1559,2013.0,Male,36.0
1560,2015.0,Female,49.0
1561,2013.0,Female,46.0
1562,2015.0,Male,43.0
1563,2014.0,Male,46.0
1564,2013.0,Male,34.0
1565,2014.0,Male,32.0
1566,2015.0,Male,23.0
1567,2014.0,Female,46.0
1568,2012.0,Female,55.0
1569,2015.0,Male,20.0
1570,2013.0,Female,30.0
1571,2015.0,Female,51.0
1572,2015.0,Male,57.0
1573,2015.0,Male,39.0
1574,2015.0,Male,50.0
1575,2014.0,Male,53.0
1576,2015.0,Female,36.0
1577,2014.0,Male,41.0
1578,2015.0,Male,59.0
1579,2013.0,Female,53.0
1580,2013.0,Male,22.0
1581,2014.0,Female,44.0
1582,2014.0,Male,21.0
1583,2013.0,Male,48.0
1584,2013.0,Male,47.0
1585,2015.0,Male,29.0
1586,2014.0,Male,27.0
1587,2015.0,Male,24.0
1588,2014.0,Female,81.0
1589,2014.0,Female,49.0
1590,2013.0,Male,24.0
1591,2014.0,Male,55.0
1592,2012.0,Female,19.0
1593,2013.0,Female,48.0
1594,2015.0,Male,30.0
1595,2014.0,Male,41.0
1596,2012.0,Male,35.0
1597,2014.0,Male,42.0
1598,2015.0,Female,28.0
1599,2012.0,Male,26.0
1600,2015.0,Male,45.0
1601,2015.0,Male,53.0
1602,2014.0,Female,23.0
1603,2014.0,Male,41.0
1604,2015.0,Male,35.0
1605,2014.0,Male,58.0
1606,2016.0,Male,68.0
1607,2015.0,Male,27.0
1608,2012.0,Male,50.0
1609,2015.0,Male,55.0
1610,2014.0,Male,41.0
1611,2015.0,Male,71.0
1612,2014.0,Male,54.0
1613,2012.0,Male,27.0
1614,2015.0,Male,59.0
1615,,Male,28.0
1616,2014.0,Male,37.0
1617,2015.0,Male,22.0
1618,2015.0,Male,41.0
1619,2013.0,Male,58.0
1620,2014.0,Male,33.0
1621,2012.0,Male,51.0
1622,2014.0,Male,41.0
1623,2013.0,Male,32.0
1624,2014.0,Female,46.0
1625,2014.0,Male,39.0
1626,2015.0,Male,29.0
1627,2014.0,Male,26.0
1628,2015.0,Female,29.0
1629,2014.0,Male,48.0
1630,2013.0,Female,29.0
1631,2015.0,Male,43.0
1632,2014.0,Male,47.0
1633,2014.0,Male,60.0
1634,2012.0,Male,38.0
1635,2014.0,Male,21.0
1636,2015.0,Male,70.0
1637,2015.0,Female,53.0
1638,2015.0,Male,37.0
1639,2014.0,Male,54.0
1640,2013.0,Female,61.0
1641,2013.0,Male,52.0
1642,2013.0,Male,33.0
1643,2014.0,Female,43.0
1644,2014.0,Female,28.0
1645,2013.0,Male,21.0
1646,2014.0,Male,60.0
1647,2014.0,Male,38.0
1648,2014.0,Male,28.0
1649,2014.0,Male,50.0
1650,2012.0,Male,46.0
1651,2014.0,Female,43.0
1652,2014.0,Male,36.0
1653,2012.0,Male,37.0
1654,2013.0,Female,52.0
1655,2015.0,Female,53.0
1656,2012.0,Male,31.0
1657,2015.0,Male,48.0
1658,2012.0,Male,46.0
1659,2014.0,Female,22.0
1660,2014.0,Female,34.0
1661,2014.0,Male,36.0
1662,2014.0,Male,53.0
1663,2015.0,Female,58.0
1664,2015.0,Male,34.0
1665,2014.0,Male,36.0
1666,2014.0,Female,42.0
1667,2013.0,Male,28.0
1668,2013.0,Male,87.0
1669,2013.0,Male,56.0
1670,2015.0,Male,48.0
1671,2015.0,Female,38.0
1672,2015.0,Female,45.0
1673,2012.0,Male,52.0
1674,2012.0,Male,46.0
1675,2012.0,Male,53.0
1676,2012.0,Male,40.0
1677,2014.0,Male,55.0
1678,2015.0,Male,51.0
1679,2013.0,Female,44.0
1680,2014.0,Male,43.0
1681,2012.0,Female,34.0
1682,2013.0,Male,46.0
1683,2012.0,Male,43.0
1684,2014.0,Male,36.0
1685,2015.0,Male,50.0
1686,2014.0,Female,47.0
1687,2014.0,Male,44.0
1688,2013.0,Female,51.0
1689,2015.0,Male,46.0
1690,2013.0,Male,22.0
1691,2015.0,Female,31.0
1692,2015.0,Male,29.0
1693,2014.0,Male,46.0
1694,2014.0,Male,44.0
1695,2015.0,Female,49.0
1696,2012.0,Male,21.0
1697,2015.0,Female,65.0
1698,2014.0,Male,51.0
1699,2015.0,Male,64.0
1700,2012.0,Female,57.0
1701,2015.0,Male,59.0
1702,2014.0,Female,50.0
1703,2014.0,Female,45.0
1704,2014.0,Female,44.0
1705,2015.0,Male,47.0
1706,2014.0,Female,44.0
1707,2013.0,Male,54.0
1708,2015.0,Male,43.0
1709,2015.0,Male,26.0
1710,2016.0,Male,37.0
1711,2015.0,Male,52.0
1712,2014.0,Male,35.0
1713,2012.0,Female,27.0
1714,2014.0,Male,37.0
1715,2013.0,Female,42.0
1716,2015.0,Male,46.0
1717,2014.0,Female,41.0
1718,2012.0,Male,22.0
1719,2013.0,Female,57.0
1720,2012.0,Male,41.0
1721,2015.0,Female,54.0
1722,2015.0,Female,55.0
1723,2012.0,Male,16.0
1724,2014.0,Male,27.0
1725,2015.0,Male,49.0
1726,2013.0,Male,49.0
1727,2014.0,Male,54.0
1728,2014.0,Female,55.0
1729,2013.0,Male,34.0
1730,2014.0,Male,46.0
1731,2014.0,Male,61.0
1732,2014.0,Male,43.0
1733,2014.0,Male,29.0
1734,2015.0,Male,30.0
1735,2013.0,Male,28.0
1736,2014.0,Male,35.0
1737,2015.0,Male,40.0
1738,2013.0,Male,52.0
1739,2015.0,Female,49.0
1740,2015.0,Male,48.0
1741,2013.0,Male,30.0
1742,2014.0,Male,28.0
1743,2015.0,Male,46.0
1744,2014.0,Male,34.0
1745,2015.0,Male,56.0
1746,2014.0,Male,48.0
1747,2013.0,Male,66.0
1748,,,
1749,2012.0,Male,18.0
1750,2013.0,Male,46.0
1751,2015.0,Male,44.0
1752,2012.0,Male,35.0
1753,2016.0,Male,44.0
1754,2015.0,Male,54.0
1755,2012.0,Male,35.0
1756,2014.0,Male,30.0
1757,2013.0,Female,32.0
1758,2013.0,Male,28.0
1759,2015.0,Male,35.0
1760,2013.0,Male,58.0
1761,2013.0,Female,42.0
1762,2012.0,Male,31.0
1763,2014.0,Male,41.0
1764,2014.0,Male,37.0
1765,2014.0,Male,32.0
1766,2015.0,Female,40.0
1767,2015.0,Female,50.0
1768,2014.0,Female,59.0
1769,2013.0,Female,45.0
1770,2015.0,Male,33.0
1771,2015.0,Male,26.0
1772,2015.0,Male,28.0
1773,2014.0,Male,33.0
1774,2012.0,Female,51.0
1775,2015.0,Male,35.0
1776,2014.0,Male,44.0
1777,2015.0,Male,32.0
1778,2013.0,Male,41.0
1779,2015.0,Male,28.0
1780,2014.0,Male,44.0
1781,2012.0,Male,38.0
1782,2015.0,Male,21.0
1783,2012.0,Male,28.0
1784,2013.0,Male,26.0
1785,2015.0,Male,26.0
1786,2012.0,Male,62.0
1787,2015.0,Male,26.0
1788,2013.0,Male,58.0
1789,2015.0,Female,28.0
1790,2014.0,Male,40.0
1791,2012.0,Male,49.0
1792,2012.0,Male,47.0
1793,2015.0,Female,56.0
1794,2015.0,Male,63.0
1795,2014.0,Male,34.0
1796,2012.0,Female,47.0
1797,2013.0,Male,60.0
1798,2014.0,Female,29.0
1799,2013.0,Male,61.0
1800,2015.0,Female,59.0
1801,2014.0,Female,22.0
1802,2015.0,Male,49.0
1803,2014.0,Male,35.0
1804,2015.0,Male,55.0
1805,2015.0,Male,32.0
1806,2013.0,Male,22.0
1807,2015.0,Male,39.0
1808,2015.0,Male,26.0
1809,2014.0,Male,56.0
1810,2015.0,Male,33.0
1811,2013.0,Male,45.0
1812,2012.0,Female,55.0
1813,2013.0,Female,55.0
1814,2015.0,Male,29.0
1815,2015.0,Male,62.0
1816,2012.0,Male,46.0
1817,2012.0,Male,42.0
1818,2015.0,Female,37.0
1819,2014.0,Male,43.0
1820,2012.0,Male,28.0
1821,2014.0,Female,52.0
1822,2015.0,Female,33.0
1823,2015.0,Male,27.0
1824,2013.0,Male,39.0
1825,2012.0,Male,31.0
1826,2012.0,Female,40.0
1827,2014.0,Male,58.0
1828,2013.0,Male,48.0
1829,2015.0,Male,36.0
1830,2015.0,Male,35.0
1831,2015.0,Male,24.0
1832,2012.0,Female,28.0
1833,2013.0,Female,31.0
1834,2015.0,Female,30.0
1835,2014.0,Male,51.0
1836,2015.0,Male,53.0
1837,2012.0,Male,32.0
1838,2015.0,Male,45.0
1839,2015.0,Male,51.0
1840,2014.0,Male,27.0
1841,2013.0,Male,34.0
1842,2015.0,Male,25.0
1843,2014.0,Female,51.0
1844,2013.0,Male,55.0
1845,2014.0,Female,46.0
1846,2014.0,Male,25.0
1847,2015.0,Male,29.0
1848,2014.0,Male,47.0
1849,2013.0,Female,46.0
1850,2012.0,Male,51.0
1851,2013.0,Male,49.0
1852,2015.0,Male,48.0
1853,2013.0,Male,42.0
1854,2015.0,Male,39.0
1855,2014.0,Male,40.0
1856,2014.0,Male,25.0
1857,2015.0,Female,33.0
1858,2015.0,Male,63.0
1859,2013.0,Male,39.0
1860,2014.0,Male,52.0
1861,2015.0,Male,34.0
1862,2015.0,Female,55.0
1863,2015.0,Male,25.0
1864,2014.0,Female,45.0
1865,2015.0,Male,54.0
1866,2012.0,Female,27.0
1867,2014.0,Male,27.0
1868,2015.0,Male,67.0
1869,2015.0,Male,29.0
1870,2015.0,Male,28.0
1871,2013.0,Female,42.0
1872,2015.0,Male,28.0
1873,2012.0,Male,39.0
1874,2014.0,Male,34.0
1875,2012.0,Female,48.0
1876,2015.0,Male,50.0
1877,2014.0,Male,46.0
1878,2013.0,Male,46.0
1879,2014.0,Male,23.0
1880,2012.0,Female,67.0
1881,2014.0,Male,47.0
1882,2012.0,Male,50.0
1883,2012.0,Male,30.0
1884,2015.0,Male,28.0
1885,2014.0,Female,58.0
1886,2014.0,Male,24.0
1887,2015.0,Male,24.0
1888,2015.0,Female,25.0
1889,2015.0,Male,24.0
1890,2014.0,Male,63.0
1891,2013.0,Male,49.0
1892,2015.0,Male,60.0
1893,2015.0,Female,56.0
1894,2014.0,Male,59.0
1895,2014.0,Male,64.0
1896,2013.0,Male,44.0
1897,2016.0,Female,49.0
1898,2015.0,Female,19.0
1899,2013.0,Male,44.0
1900,2014.0,Male,33.0
1901,2015.0,Male,40.0
1902,2013.0,Male,30.0
1903,2012.0,Male,23.0
1904,2015.0,Male,39.0
1905,2015.0,Male,22.0
1906,2014.0,Male,34.0
1907,2012.0,Male,54.0
1908,2015.0,Male,45.0
1909,2015.0,Male,62.0
1910,2013.0,Male,43.0
1911,2013.0,Male,25.0
1912,2015.0,Male,49.0
1913,2014.0,Female,42.0
1914,2013.0,Male,22.0
1915,2015.0,Female,43.0
1916,2012.0,Female,20.0
1917,2015.0,Female,49.0
1918,2014.0,Male,48.0
1919,2014.0,Male,37.0
1920,2013.0,Female,48.0
1921,2015.0,Male,38.0
1922,2012.0,Female,27.0
1923,2014.0,Female,58.0
1924,2013.0,Male,52.0
1925,2014.0,Female,45.0
1926,2015.0,Male,27.0
1927,2015.0,Female,24.0
1928,2014.0,Male,50.0
1929,2012.0,Male,61.0
1930,2014.0,Female,29.0
1931,2015.0,Female,25.0
1932,2013.0,Male,24.0
1933,2013.0,Male,29.0
1934,2012.0,Female,49.0
1935,2013.0,Female,48.0
1936,2015.0,Male,55.0
1937,2015.0,Male,63.0
1938,2014.0,Male,31.0
1939,2013.0,Male,29.0
1940,2015.0,Female,58.0
1941,2015.0,Female,42.0
1942,2014.0,Female,30.0
1943,2015.0,Female,56.0
1944,2014.0,Male,40.0
1945,2013.0,Male,41.0
1946,2015.0,Female,28.0
1947,2014.0,Male,63.0
1948,2012.0,Male,31.0
1949,2015.0,Male,26.0
1950,2013.0,Male,42.0
1951,2012.0,Male,29.0
1952,2013.0,Male,45.0
1953,2013.0,Male,44.0
1954,2014.0,Male,50.0
1955,2013.0,Male,21.0
1956,2012.0,Male,52.0
1957,2012.0,Male,53.0
1958,2015.0,Male,41.0
1959,2015.0,Male,56.0
1960,2014.0,Male,45.0
1961,2013.0,Female,26.0
1962,2015.0,Male,30.0
1963,2015.0,Male,28.0
1964,2012.0,Female,36.0
1965,2014.0,Female,32.0
1966,2014.0,Male,56.0
1967,2015.0,Male,31.0
1968,2015.0,Male,40.0
1969,2013.0,Male,47.0
1970,2012.0,Male,18.0
1971,2015.0,Male,50.0
1972,2015.0,Female,25.0
1973,2014.0,Male,28.0
1974,2013.0,Male,35.0
1975,2013.0,Male,30.0
1976,2013.0,Male,32.0
1977,2012.0,Male,37.0
1978,2014.0,Female,31.0
1979,2015.0,Male,54.0
1980,2013.0,Male,52.0
1981,2014.0,Male,48.0
1982,2015.0,Male,47.0
1983,2015.0,Male,18.0
1984,2014.0,Male,39.0
1985,2015.0,Female,60.0
1986,2013.0,Male,41.0
1987,2014.0,Female,28.0
1988,2012.0,Female,48.0
1989,2013.0,Male,53.0
1990,2014.0,Female,57.0
1991,2013.0,Female,55.0
1992,2014.0,Female,30.0
1993,2013.0,Male,44.0
1994,2015.0,Male,44.0
1995,2014.0,Female,31.0
1996,2012.0,Male,31.0
1997,2012.0,Male,36.0
1998,2012.0,Female,54.0
1999,2013.0,Male,52.0
2000,2016.0,Female,52.0
2001,2016.0,Male,42.0
2002,2013.0,Female,27.0
2003,2016.0,Male,46.0
2004,2016.0,Female,26.0
2005,2016.0,Female,58.0
2006,2016.0,Male,52.0
2007,2015.0,Male,44.0
2008,2016.0,Female,44.0
2009,2015.0,Female,31.0
2010,2016.0,Male,71.0
2011,2015.0,Female,41.0
2012,2016.0,Male,61.0
2013,2015.0,Male,62.0
2014,2016.0,Female,40.0
2015,2016.0,Female,51.0
2016,2016.0,Male,28.0
2017,2016.0,Male,33.0
2018,2016.0,Female,38.0
2019,2016.0,Male,25.0
2020,2016.0,Female,55.0
2021,2016.0,Male,31.0
2022,2016.0,Male,33.0
2023,2016.0,Female,50.0
2024,2016.0,Male,57.0
2025,2016.0,Male,23.0
2026,2015.0,Male,35.0
2027,2016.0,Male,50.0
2028,2016.0,Male,56.0
2029,2016.0,Male,36.0
2030,2015.0,Male,63.0
2031,2016.0,Male,52.0
2032,2016.0,Male,49.0
2033,2015.0,Male,46.0
2034,2016.0,Male,45.0
2035,2016.0,Male,43.0
2036,2016.0,Male,23.0
2037,2016.0,Male,35.0
2038,2016.0,Male,45.0
2039,2016.0,Female,26.0
2040,2016.0,Male,30.0
2041,2016.0,Female,44.0
2042,2015.0,Male,52.0
2043,2016.0,Female,63.0
2044,2015.0,Male,35.0
2045,2016.0,Male,60.0
2046,2016.0,Female,46.0
2047,2016.0,Male,49.0
2048,2016.0,Male,57.0
2049,2016.0,Male,35.0
2050,2015.0,Male,46.0
2051,2015.0,Male,23.0
2052,2016.0,Male,30.0
2053,2016.0,Male,23.0
2054,2016.0,Female,48.0
2055,2016.0,Male,35.0
2056,2016.0,Male,45.0
2057,2016.0,Male,61.0
2058,2016.0,Male,30.0
2059,2016.0,Female,57.0
2060,2016.0,Male,23.0
2061,2015.0,Male,63.0
2062,2016.0,Male,57.0
2063,2016.0,Male,38.0
2064,2016.0,Male,27.0
2065,2016.0,Male,33.0
2066,2016.0,Female,49.0
2067,2016.0,Male,41.0
2068,2016.0,Female,49.0
2069,2016.0,Male,38.0
2070,2016.0,Male,54.0
2071,2016.0,Female,47.0
2072,2016.0,Male,25.0
2073,2016.0,Male,39.0
2074,2016.0,Male,35.0
2075,2016.0,Female,53.0
2076,2016.0,Female,62.0
2077,2015.0,Female,24.0
2078,2016.0,Male,48.0
2079,2016.0,Female,45.0
2080,2016.0,Female,24.0
2081,2016.0,Male,26.0
2082,2016.0,Male,46.0
2083,2016.0,Male,55.0
2084,2014.0,Male,52.0
2085,2016.0,Male,25.0
2086,2016.0,Male,39.0
2087,2016.0,Male,39.0
2088,2016.0,Female,57.0
2089,2016.0,Female,55.0
2090,2016.0,Male,43.0
2091,2016.0,Male,46.0
2092,2016.0,Male,28.0
2093,2015.0,Female,44.0
2094,2016.0,Male,31.0
2095,2016.0,Male,35.0
2096,2016.0,Male,57.0
2097,2016.0,Male,33.0
2098,2016.0,Male,48.0
2099,2016.0,Male,23.0
2100,2016.0,Female,58.0
2101,2016.0,Male,53.0
2102,2016.0,Female,33.0
2103,2016.0,Male,57.0
2104,2016.0,Male,39.0
2105,2016.0,Female,49.0
2106,2016.0,Female,21.0
2107,2015.0,Female,33.0
2108,2016.0,Male,32.0
2109,2016.0,Female,36.0
2110,2016.0,Female,44.0
2111,2016.0,Male,52.0
2112,2016.0,Male,24.0
2113,2016.0,Male,26.0
2114,2016.0,Male,36.0
2115,2016.0,Female,28.0
2116,2016.0,Male,23.0
2117,2016.0,Male,33.0
2118,2016.0,Female,45.0
2119,2016.0,Male,33.0
2120,2015.0,Male,65.0
2121,2016.0,Male,52.0
2122,2016.0,Female,54.0
2123,2016.0,Female,28.0
2124,2016.0,Female,54.0
2125,2016.0,Male,37.0
2126,2016.0,Male,48.0
2127,2016.0,Female,41.0
2128,2016.0,Male,45.0
2129,2016.0,Male,63.0
2130,2016.0,Male,48.0
2131,2016.0,Male,35.0
2132,2016.0,Male,31.0
2133,2016.0,Male,26.0
2134,2016.0,Male,39.0
2135,2015.0,Male,33.0
2136,2016.0,Male,33.0
2137,2016.0,Male,31.0
2138,2016.0,Male,42.0
2139,2016.0,Male,42.0
2140,2016.0,Male,24.0
2141,2016.0,Male,36.0
2142,2016.0,Female,31.0
2143,2015.0,Male,33.0
2144,2016.0,Female,59.0
2145,2016.0,Male,25.0
2146,2015.0,Male,23.0
2147,2016.0,Male,28.0
2148,2016.0,Male,60.0
2149,2015.0,Male,51.0
2150,2016.0,Male,25.0
2151,2016.0,Female,39.0
2152,2016.0,Male,52.0
2153,2016.0,Female,23.0
2154,2016.0,Female,39.0
2155,2016.0,Male,38.0
2156,2016.0,Male,29.0
2157,2016.0,Male,61.0
2158,2016.0,Male,46.0
2159,2016.0,Female,51.0
2160,2016.0,Male,55.0
2161,2016.0,Male,36.0
2162,2016.0,Male,48.0
2163,2016.0,Female,37.0
2164,2016.0,Female,38.0
2165,2016.0,Male,31.0
2166,2016.0,Male,43.0
2167,2016.0,Male,26.0
2168,2016.0,Male,36.0
2169,2016.0,Male,47.0
2170,2016.0,Male,28.0
2171,2016.0,Male,44.0
2172,2016.0,Female,33.0
2173,2016.0,Male,62.0
2174,2016.0,Male,64.0
2175,2015.0,Male,49.0
2176,2015.0,Female,51.0
2177,2016.0,Female,50.0
2178,2016.0,Male,58.0
2179,2016.0,Male,66.0
2180,2016.0,Male,58.0
2181,2016.0,Female,50.0
2182,2016.0,Male,60.0
2183,2016.0,Male,63.0
2184,2016.0,Female,57.0
2185,2016.0,Female,26.0
2186,2016.0,Male,35.0
2187,2016.0,Female,45.0
2188,2016.0,Female,58.0
2189,2016.0,Male,27.0
2190,2016.0,Male,39.0
2191,2016.0,Male,58.0
2192,2016.0,Male,67.0
2193,2016.0,Female,28.0
2194,2016.0,Male,35.0
2195,2016.0,Male,39.0
2196,2016.0,Male,41.0
2197,2016.0,Male,34.0
2198,2016.0,Male,35.0
2199,2016.0,Female,54.0
2200,2016.0,Male,44.0
2201,2015.0,Male,27.0
2202,2016.0,Male,69.0
2203,2016.0,Female,36.0
2204,2016.0,Male,51.0
2205,2016.0,Male,44.0
2206,2016.0,Male,55.0
2207,2016.0,Male,56.0
2208,2016.0,Male,26.0
2209,2016.0,Male,52.0
2210,2016.0,Male,42.0
2211,2016.0,Female,43.0
2212,2016.0,Male,45.0
2213,2016.0,Male,37.0
2214,2016.0,Female,57.0
2215,2016.0,Male,56.0
2216,2015.0,Male,29.0
2217,2016.0,Male,38.0
2218,2016.0,Male,37.0
2219,2016.0,Male,31.0
2220,2016.0,Male,39.0
2221,2016.0,Male,46.0
2222,2015.0,Male,34.0
2223,2016.0,Male,22.0
2224,2016.0,Male,37.0
2225,2016.0,Male,43.0
2226,2016.0,Male,31.0
2227,2016.0,Male,37.0
2228,2016.0,Female,65.0
2229,2016.0,Female,38.0
2230,2016.0,Male,22.0
2231,2016.0,Male,51.0
2232,2016.0,Male,58.0
2233,2016.0,Female,50.0
2234,2016.0,Female,40.0
2235,2016.0,Male,35.0
2236,2016.0,Male,32.0
2237,2015.0,Male,38.0
2238,2016.0,Male,24.0
2239,2016.0,Male,38.0
2240,2016.0,Male,47.0
2241,2016.0,Male,44.0
2242,2016.0,Male,62.0
2243,2015.0,Male,23.0
2244,2016.0,Male,45.0
2245,2016.0,Male,46.0
2246,2016.0,Male,44.0
2247,2016.0,Male,36.0
2248,2016.0,Male,31.0
2249,2016.0,Male,52.0
2250,2016.0,Male,64.0
2251,2016.0,Female,53.0
2252,2016.0,Male,57.0
2253,2016.0,Male,26.0
2254,2016.0,Female,51.0
2255,2016.0,Male,29.0
2256,2016.0,Male,25.0
2257,2016.0,Male,44.0
2258,2016.0,Male,59.0
2259,2016.0,Female,45.0
2260,2016.0,Female,72.0
2261,2016.0,Male,60.0
2262,2016.0,Male,41.0
2263,2016.0,Male,24.0
2264,2016.0,Female,30.0
2265,2016.0,Male,42.0
2266,2016.0,Male,53.0
2267,2016.0,Male,66.0
2268,2016.0,Male,62.0
2269,2016.0,Male,40.0
2270,2015.0,Male,55.0
2271,2016.0,Female,53.0
2272,2016.0,Female,27.0
2273,2016.0,Female,29.0
2274,2016.0,Male,35.0
2275,2016.0,Male,50.0
2276,2016.0,Male,51.0
2277,2016.0,Male,26.0
2278,2016.0,Female,54.0
2279,2016.0,Male,52.0
2280,2016.0,Male,56.0
2281,2015.0,Male,30.0
2282,2015.0,Male,29.0
2283,2016.0,Female,47.0
2284,2016.0,Male,38.0
2285,2015.0,Female,46.0
2286,2016.0,Male,41.0
2287,2016.0,Male,35.0
2288,2016.0,Female,44.0
2289,2016.0,Male,52.0
2290,2016.0,Female,56.0
2291,2016.0,Male,57.0
2292,2016.0,Male,51.0
2293,2016.0,Male,29.0
2294,2016.0,Male,61.0
2295,2016.0,Male,34.0
2296,2016.0,Male,23.0
2297,2016.0,Male,50.0
2298,2016.0,Male,34.0
2299,2016.0,Female,62.0
2300,2016.0,Male,60.0
2301,2016.0,Male,33.0
2302,2015.0,Female,52.0
2303,2016.0,Male,24.0
2304,2016.0,Male,47.0
2305,2016.0,Female,32.0
2306,2015.0,Female,25.0
2307,2016.0,Female,57.0
2308,2016.0,Male,48.0
2309,2016.0,Male,55.0
2310,2016.0,Male,55.0
2311,2016.0,Male,70.0
2312,2015.0,Male,52.0
2313,2016.0,Male,60.0
2314,2016.0,Male,34.0
2315,2016.0,Female,54.0
2316,2015.0,Male,33.0
2317,2016.0,Male,59.0
2318,2016.0,Male,55.0
2319,2016.0,Male,51.0
2320,2016.0,Male,28.0
2321,2016.0,Male,43.0
2322,2016.0,Male,37.0
2323,2016.0,Female,30.0
2324,2016.0,Male,41.0
2325,2016.0,Male,37.0
2326,2016.0,Male,36.0
2327,2016.0,Male,54.0
2328,2016.0,Male,45.0
2329,2016.0,Female,48.0
2330,2016.0,Male,35.0
2331,2016.0,Male,35.0
2332,2016.0,Male,45.0
2333,2016.0,Female,59.0
2334,2016.0,Male,40.0
2335,2016.0,Male,52.0
2336,2016.0,Female,44.0
2337,2016.0,Male,28.0
2338,2016.0,Male,44.0
2339,2016.0,Male,29.0
2340,2016.0,Female,41.0
2341,2016.0,Male,51.0
2342,2015.0,Male,32.0
2343,2016.0,Female,60.0
2344,2016.0,Male,47.0
2345,2016.0,Male,38.0
2346,2016.0,Female,35.0
2347,2016.0,Male,57.0
2348,2016.0,Male,60.0
2349,2016.0,Male,26.0
2350,2016.0,Male,33.0
2351,2016.0,Male,53.0
2352,2016.0,Female,46.0
2353,2016.0,Male,49.0
2354,2016.0,Male,23.0
2355,2016.0,Male,52.0
2356,2016.0,Female,34.0
2357,2016.0,Male,23.0
2358,2016.0,Male,51.0
2359,2016.0,Male,44.0
2360,2016.0,Male,35.0
2361,2015.0,Male,34.0
2362,2016.0,Female,45.0
2363,2016.0,Male,18.0
2364,2015.0,Female,55.0
2365,2016.0,Female,37.0
2366,2016.0,Female,19.0
2367,2016.0,Male,19.0
2368,2016.0,Male,61.0
2369,2016.0,Male,30.0
2370,2015.0,Male,49.0
2371,2016.0,Male,39.0
2372,2016.0,Male,18.0
2373,2016.0,Male,45.0
2374,2015.0,Male,35.0
2375,2016.0,Male,52.0
2376,2016.0,Male,51.0
2377,2016.0,Male,58.0
2378,2016.0,Female,29.0
2379,2016.0,Female,53.0
2380,2016.0,Male,30.0
2381,2016.0,Male,56.0
2382,2016.0,Male,31.0
2383,2016.0,Male,63.0
2384,2016.0,Male,32.0
2385,2016.0,Male,53.0
2386,2016.0,Female,49.0
2387,2016.0,Male,33.0
2388,2016.0,Male,41.0
2389,2016.0,Male,56.0
2390,2016.0,Male,23.0
2391,2015.0,Female,56.0
2392,2015.0,Male,39.0
2393,2016.0,Male,43.0
2394,2016.0,Male,46.0
2395,2016.0,Male,29.0
2396,2016.0,Female,48.0
2397,2016.0,Female,50.0
2398,2016.0,Male,55.0
2399,2016.0,Female,28.0
2400,2016.0,Male,54.0
2401,2015.0,Male,49.0
2402,2016.0,Male,57.0
2403,2016.0,Female,25.0
2404,2016.0,Male,58.0
2405,2016.0,Male,29.0
2406,2016.0,Male,52.0
2407,2016.0,Male,37.0
2408,2016.0,Male,28.0
2409,2016.0,Female,52.0
2410,2015.0,Female,30.0
2411,2016.0,Male,44.0
2412,2016.0,Female,22.0
2413,2015.0,Male,43.0
2414,2016.0,Male,52.0
2415,2016.0,Male,51.0
2416,2016.0,Male,41.0
2417,2016.0,Male,56.0
2418,2016.0,Female,48.0
2419,2016.0,Female,50.0
2420,2016.0,Male,29.0
2421,2016.0,Male,33.0
2422,2015.0,Male,42.0
2423,2016.0,Male,56.0
2424,2014.0,Female,26.0
2425,2016.0,Female,57.0
2426,2016.0,Female,34.0
2427,2016.0,Female,29.0
2428,2016.0,Male,50.0
2429,2016.0,Male,31.0
2430,2015.0,Male,21.0
2431,2016.0,Male,50.0
2432,2016.0,Female,49.0
2433,2016.0,Male,29.0
2434,2016.0,Male,54.0
2435,2016.0,Male,38.0
2436,2016.0,Male,51.0
2437,2016.0,Male,56.0
2438,2016.0,Male,49.0
2439,2016.0,Male,51.0
2440,2016.0,Female,32.0
2441,2016.0,Female,30.0
2442,2016.0,Male,47.0
2443,2016.0,Male,50.0
2444,2016.0,Male,48.0
2445,2016.0,Male,26.0
2446,2016.0,Female,41.0
2447,2015.0,Male,39.0
2448,2016.0,Male,45.0
2449,2016.0,Male,31.0
2450,2015.0,Male,51.0
2451,2016.0,Female,24.0
2452,2016.0,Male,61.0
2453,2016.0,Male,34.0
2454,2016.0,Male,47.0
2455,2016.0,Male,34.0
2456,2016.0,Female,21.0
2457,2016.0,Male,45.0
2458,2016.0,Male,29.0
2459,2016.0,,54.0
2460,2016.0,Male,30.0
2461,2016.0,Male,66.0
2462,2016.0,Female,42.0
2463,2016.0,Male,31.0
2464,2016.0,Female,54.0
2465,2016.0,Male,43.0
2466,2016.0,Male,46.0
2467,2016.0,Male,53.0
2468,2016.0,Male,41.0
2469,2016.0,Male,22.0
2470,2016.0,Female,41.0
2471,2016.0,Male,50.0
2472,2016.0,Male,47.0
2473,2016.0,Male,36.0
2474,2016.0,Male,27.0
2475,2016.0,Male,41.0
2476,2015.0,Female,34.0
2477,2016.0,Male,29.0
2478,2016.0,Male,37.0
2479,2016.0,Male,44.0
2480,2016.0,Male,28.0
2481,2016.0,Female,48.0
2482,2016.0,Male,21.0
2483,2015.0,Male,44.0
2484,2016.0,Male,42.0
2485,2016.0,Female,24.0
2486,2016.0,Male,46.0
2487,2015.0,Male,38.0
2488,2016.0,Female,38.0
2489,2016.0,Male,37.0
2490,2015.0,Male,54.0
2491,2016.0,Male,56.0
2492,2016.0,Male,20.0
2493,2016.0,Male,46.0
2494,2016.0,Female,33.0
2495,2016.0,Male,65.0
2496,2016.0,Male,37.0
2497,2016.0,Female,57.0
2498,2016.0,Female,50.0
2499,2016.0,Male,24.0
2500,2016.0,Female,49.0
2501,2015.0,Male,36.0
2502,2016.0,Male,30.0
2503,2016.0,Female,57.0
2504,2016.0,Male,34.0
2505,2016.0,Male,45.0
2506,2016.0,Male,62.0
2507,2016.0,Female,47.0
2508,2015.0,Male,56.0
2509,2016.0,Male,36.0
2510,2015.0,Male,31.0
2511,2016.0,Male,58.0
2512,2016.0,Male,47.0
2513,2016.0,Male,29.0
2514,2016.0,Male,63.0
2515,2016.0,Male,55.0
2516,2016.0,Female,25.0
2517,2016.0,Male,27.0
2518,2016.0,Male,44.0
2519,2016.0,Male,37.0
2520,2016.0,Female,29.0
2521,2015.0,Female,24.0
2522,2016.0,Female,44.0
2523,2016.0,Male,49.0
2524,2016.0,Male,60.0
2525,2016.0,Male,39.0
2526,2016.0,Female,30.0
2527,2016.0,Male,61.0
2528,2016.0,Male,40.0
2529,2016.0,Male,44.0
2530,2016.0,Male,26.0
2531,2016.0,Male,33.0
2532,2015.0,Male,59.0
2533,2015.0,Female,40.0
2534,2016.0,Male,41.0
2535,2016.0,Male,48.0
2536,2016.0,Male,47.0
2537,2016.0,Male,31.0
2538,2015.0,Male,47.0
2539,2016.0,Male,28.0
2540,2016.0,Female,54.0
2541,2016.0,Female,32.0
2542,2016.0,Male,49.0
2543,2016.0,Male,46.0
2544,2016.0,Male,30.0
2545,2016.0,Female,26.0
2546,2016.0,Male,50.0
2547,2015.0,Male,50.0
2548,2016.0,Male,39.0
2549,2016.0,Male,46.0
2550,2016.0,Female,58.0
2551,2016.0,Male,27.0
2552,2015.0,Female,26.0
2553,2016.0,Male,41.0
2554,2016.0,Male,58.0
2555,2015.0,Female,51.0
2556,2016.0,Male,40.0
2557,2016.0,Female,40.0
2558,2016.0,Male,54.0
2559,2015.0,Female,17.0
2560,2016.0,Male,25.0
2561,2015.0,Male,36.0
2562,2016.0,Male,24.0
2563,2016.0,Male,38.0
2564,2016.0,Male,34.0
2565,2016.0,Male,53.0
2566,2016.0,Female,52.0
2567,2016.0,Male,50.0
2568,2016.0,Male,39.0
2569,2016.0,Female,56.0
2570,2016.0,Female,57.0
2571,2016.0,Female,29.0
2572,2016.0,Male,33.0
2573,2016.0,Female,51.0
2574,2016.0,Male,58.0
2575,2015.0,Male,55.0
2576,2015.0,Male,37.0
2577,2016.0,Male,49.0
2578,2015.0,Male,59.0
2579,2016.0,Male,65.0
2580,2016.0,Male,39.0
2581,2015.0,Male,34.0
2582,2016.0,Male,50.0
2583,2016.0,Male,33.0
2584,2016.0,Female,39.0
2585,2016.0,Female,37.0
2586,2016.0,Male,40.0
2587,2016.0,Male,49.0
2588,2016.0,Male,38.0
2589,2016.0,Male,73.0
2590,2016.0,Female,53.0
2591,2016.0,Male,28.0
2592,2016.0,Male,56.0
2593,2016.0,Female,20.0
2594,2016.0,Male,48.0
2595,2015.0,Male,34.0
2596,2015.0,Male,60.0
2597,2016.0,Male,23.0
2598,2016.0,Male,40.0
2599,2016.0,Male,34.0
2600,2016.0,Female,36.0
2601,2016.0,Male,56.0
2602,2016.0,Female,22.0
2603,2016.0,Male,28.0
2604,2016.0,Male,54.0
2605,2016.0,Male,51.0
2606,2016.0,Male,61.0
2607,2015.0,Male,28.0
2608,2016.0,Male,34.0
2609,2016.0,Male,50.0
2610,2016.0,Male,33.0
2611,2016.0,Male,41.0
2612,2016.0,Male,27.0
2613,2016.0,Male,31.0
2614,2015.0,Male,56.0
2615,2016.0,Male,18.0
2616,2016.0,Female,40.0
2617,2016.0,Male,53.0
2618,2016.0,Male,27.0
2619,2016.0,Male,57.0
2620,2016.0,Male,25.0
2621,2015.0,Male,49.0
2622,2016.0,Female,63.0
2623,2016.0,Male,30.0
2624,2016.0,Male,22.0
2625,2016.0,Male,52.0
2626,2015.0,Male,47.0
2627,2016.0,Female,26.0
2628,2016.0,Female,22.0
2629,2016.0,Male,39.0
2630,2016.0,Female,58.0
2631,2016.0,Male,41.0
2632,2016.0,Male,42.0
2633,2016.0,Male,42.0
2634,2016.0,Female,51.0
2635,2016.0,Male,72.0
2636,2016.0,Male,61.0
2637,2016.0,Male,54.0
2638,2016.0,Male,40.0
2639,2016.0,Male,52.0
2640,2015.0,Male,46.0
2641,2016.0,Male,40.0
2642,2016.0,Male,48.0
2643,2016.0,Male,27.0
2644,2016.0,Male,25.0
2645,2016.0,Female,55.0
2646,2016.0,Male,48.0
2647,2016.0,Male,43.0
2648,2016.0,Female,42.0
2649,2016.0,Male,25.0
2650,2016.0,Male,52.0
2651,2016.0,Male,51.0
2652,2016.0,Female,28.0
2653,2016.0,Male,47.0
2654,2016.0,Male,28.0
2655,2016.0,Male,47.0
2656,2016.0,Male,55.0
2657,2016.0,Female,44.0
2658,2016.0,Male,55.0
2659,2016.0,Male,58.0
2660,2016.0,Female,32.0
2661,2016.0,Male,59.0
2662,2015.0,Female,42.0
2663,2016.0,Male,24.0
2664,2016.0,Male,23.0
2665,2016.0,Female,43.0
2666,2016.0,Male,42.0
2667,2016.0,Male,54.0
2668,2016.0,Male,51.0
2669,2016.0,Male,46.0
2670,2016.0,Male,59.0
2671,2016.0,Male,50.0
2672,2015.0,Female,41.0
2673,2016.0,Male,35.0
2674,2013.0,Male,48.0
2675,2016.0,Male,55.0
2676,2016.0,Male,41.0
2677,2016.0,Male,33.0
2678,2016.0,Male,31.0
2679,2016.0,Male,35.0
2680,2016.0,Female,27.0
2681,2016.0,Female,19.0
2682,2016.0,Male,49.0
2683,2016.0,Female,57.0
2684,2016.0,Female,24.0
2685,2016.0,Female,25.0
2686,2016.0,Female,34.0
2687,2016.0,Male,30.0
2688,2015.0,Female,52.0
2689,2015.0,Male,30.0
2690,2016.0,Male,31.0
2691,2016.0,Male,67.0
2692,2016.0,Male,41.0
2693,2016.0,Male,52.0
2694,2016.0,Female,25.0
2695,2016.0,Female,61.0
2696,2016.0,Male,57.0
2697,2016.0,Female,38.0
2698,2016.0,Female,30.0
2699,2016.0,Female,19.0
2700,2016.0,Male,57.0
2701,2016.0,Male,43.0
2702,2016.0,Male,32.0
2703,2016.0,Male,34.0
2704,2016.0,Male,32.0
2705,2016.0,Male,45.0
2706,2015.0,Male,65.0
2707,2016.0,Male,54.0
2708,2016.0,Male,47.0
2709,2016.0,Male,25.0
2710,2016.0,Male,42.0
2711,2016.0,Male,32.0
2712,2016.0,Male,33.0
2713,2016.0,Female,29.0
2714,2016.0,Male,30.0
2715,2016.0,Male,39.0
2716,2016.0,Male,35.0
2717,2016.0,Male,24.0
2718,2016.0,Male,33.0
2719,2016.0,Male,26.0
2720,2016.0,Female,27.0
2721,2016.0,Female,52.0
2722,2016.0,Male,51.0
2723,2016.0,Female,45.0
2724,2016.0,Male,47.0
2725,2016.0,Male,57.0
2726,2016.0,Male,59.0
2727,2016.0,Male,61.0
2728,2016.0,Male,39.0
2729,2016.0,Female,56.0
2730,2016.0,Male,34.0
2731,2016.0,Male,45.0
2732,2016.0,Male,22.0
2733,2016.0,Male,55.0
2734,2016.0,Male,44.0
2735,2016.0,Female,30.0
2736,2016.0,Male,51.0
2737,2016.0,Female,54.0
2738,2016.0,Female,32.0
2739,2016.0,Female,40.0
2740,2015.0,Male,55.0
2741,2015.0,Male,50.0
2742,2016.0,Male,33.0
2743,2016.0,Male,29.0
2744,2015.0,Male,38.0
2745,2016.0,Female,45.0
2746,2016.0,Male,43.0
2747,2016.0,Male,56.0
2748,2016.0,Male,35.0
2749,2016.0,Male,60.0
2750,2016.0,Female,17.0
2751,2016.0,Male,55.0
2752,2016.0,Male,54.0
2753,2016.0,Male,20.0
2754,2016.0,Male,34.0
2755,2016.0,Male,29.0
2756,2016.0,Male,40.0
2757,2016.0,Male,63.0
2758,2016.0,Female,35.0
2759,2016.0,Female,34.0
2760,2016.0,Male,55.0
2761,2016.0,Male,53.0
2762,2015.0,Male,47.0
2763,2016.0,Female,47.0
2764,2016.0,Female,51.0
2765,2016.0,Male,24.0
2766,2016.0,Male,60.0
2767,2015.0,Female,56.0
2768,2016.0,Male,33.0
2769,2016.0,Male,34.0
2770,2016.0,Male,41.0
2771,2016.0,Male,48.0
2772,2016.0,Female,32.0
2773,2016.0,Male,49.0
2774,2016.0,Male,35.0
2775,2016.0,Male,58.0
2776,2016.0,Female,25.0
2777,2015.0,Male,33.0
2778,2016.0,Female,54.0
2779,2016.0,Female,31.0
2780,2016.0,Male,28.0
2781,2016.0,Male,36.0
2782,2016.0,Male,33.0
2783,2016.0,Male,29.0
2784,2016.0,Male,53.0
2785,2016.0,Male,31.0
2786,2016.0,Female,50.0
2787,2016.0,Male,44.0
2788,2016.0,Female,41.0
2789,2015.0,Male,51.0
2790,2016.0,Male,48.0
2791,2016.0,Male,52.0
2792,2016.0,Male,49.0
2793,2016.0,Male,38.0
2794,2015.0,Male,20.0
2795,2016.0,Male,55.0
2796,2016.0,Male,60.0
2797,2016.0,Male,22.0
2798,2016.0,Male,33.0
2799,2016.0,Male,38.0
2800,2016.0,Male,29.0
2801,2016.0,Male,45.0
2802,2016.0,Male,27.0
2803,2016.0,Female,62.0
2804,2016.0,Male,26.0
2805,2016.0,Male,28.0
2806,2016.0,Male,49.0
2807,2016.0,Male,30.0
2808,2016.0,Female,31.0
2809,2016.0,Male,26.0
2810,2016.0,Male,53.0
2811,2016.0,Male,43.0
2812,2015.0,Male,59.0
2813,2015.0,Male,21.0
2814,2015.0,Male,43.0
2815,2016.0,Female,39.0
2816,2016.0,Male,49.0
2817,2016.0,Male,43.0
2818,2015.0,Male,30.0
2819,2016.0,Male,64.0
2820,2016.0,Male,51.0
2821,2016.0,Male,42.0
2822,2016.0,Male,28.0
2823,2016.0,Male,28.0
2824,2016.0,Female,37.0
2825,2016.0,Male,48.0
2826,2016.0,Male,43.0
2827,2016.0,Male,55.0
2828,2016.0,Female,54.0
2829,2016.0,Female,33.0
2830,2016.0,Male,51.0
2831,2016.0,Male,58.0
2832,2016.0,Male,61.0
2833,2016.0,Male,26.0
2834,2016.0,Male,24.0
2835,2016.0,Female,54.0
2836,2016.0,Male,44.0
2837,2016.0,Male,59.0
2838,2016.0,Male,43.0
2839,2016.0,Female,47.0
2840,2016.0,Male,42.0
2841,2016.0,Female,40.0
2842,2016.0,Male,27.0
2843,2016.0,Male,52.0
2844,2016.0,Male,41.0
2845,2016.0,Male,31.0
2846,2015.0,Male,32.0
2847,2016.0,Female,27.0
2848,2016.0,Male,49.0
2849,2016.0,Male,44.0
2850,2015.0,Female,25.0
2851,2016.0,Male,54.0
2852,2016.0,Male,24.0
2853,2016.0,Male,38.0
2854,2016.0,Male,35.0
2855,2015.0,Male,22.0
2856,2015.0,Male,36.0
2857,2016.0,Female,47.0
2858,2016.0,Male,49.0
2859,2016.0,Male,23.0
2860,2016.0,Male,33.0
2861,2016.0,Female,43.0
2862,2016.0,Male,57.0
2863,2016.0,Female,48.0
2864,2016.0,Male,28.0
2865,2016.0,Male,35.0
2866,2016.0,Male,26.0
2867,2015.0,Male,36.0
2868,2016.0,Male,25.0
2869,2016.0,Male,55.0
2870,2016.0,Male,44.0
2871,2015.0,Male,64.0
2872,2015.0,Female,47.0
2873,2015.0,Male,58.0
2874,2015.0,Female,55.0
2875,2016.0,Male,44.0
2876,2016.0,Male,40.0
2877,2016.0,Male,60.0
2878,2016.0,Female,26.0
2879,2016.0,Male,51.0
2880,2015.0,Male,50.0
2881,2016.0,Male,38.0
2882,2016.0,Male,61.0
2883,2016.0,Male,49.0
2884,2016.0,Female,41.0
2885,2016.0,Male,43.0
2886,2016.0,Male,44.0
2887,2013.0,Male,32.0
2888,2016.0,Male,33.0
2889,2015.0,Male,54.0
2890,2016.0,Male,25.0
2891,2016.0,Male,58.0
2892,2016.0,Male,29.0
2893,2016.0,Male,44.0
2894,2016.0,Male,56.0
2895,2016.0,Male,51.0
2896,2016.0,Male,24.0
2897,2015.0,Female,50.0
2898,2016.0,Male,26.0
2899,2016.0,Male,63.0
2900,2016.0,Female,62.0
2901,2015.0,Male,54.0
2902,2016.0,Male,32.0
2903,2016.0,Female,59.0
2904,2015.0,Female,30.0
2905,2016.0,Male,47.0
2906,2016.0,Female,50.0
2907,2016.0,Female,32.0
2908,2016.0,Male,22.0
2909,2016.0,Male,19.0
2910,2016.0,Male,56.0
2911,2016.0,Male,25.0
2912,2016.0,Male,56.0
2913,2015.0,Male,28.0
2914,2016.0,Male,34.0
2915,2016.0,Male,41.0
2916,2016.0,Male,26.0
2917,2016.0,Male,54.0
2918,2015.0,Female,54.0
2919,2016.0,Male,34.0
2920,2015.0,Male,62.0
2921,2015.0,Male,38.0
2922,2015.0,Male,30.0
2923,2016.0,Male,60.0
2924,2015.0,Male,28.0
2925,2016.0,Male,50.0
2926,2016.0,Male,44.0
2927,2016.0,Male,25.0
2928,2015.0,Male,31.0
2929,2015.0,Female,48.0
2930,2015.0,Male,33.0
2931,2016.0,Male,34.0
2932,2016.0,Male,22.0
2933,2016.0,Male,37.0
2934,2016.0,Female,21.0
2935,2016.0,Male,25.0
2936,2016.0,Male,66.0
2937,2016.0,Male,26.0
2938,2016.0,Female,57.0
2939,2016.0,Male,54.0
2940,2016.0,Male,45.0
2941,2016.0,Female,41.0
2942,2016.0,Male,45.0
2943,2016.0,Male,39.0
2944,2015.0,Male,46.0
2945,2016.0,Female,34.0
2946,2016.0,Male,31.0
2947,2016.0,Male,44.0
2948,2016.0,Male,57.0
2949,2015.0,Male,43.0
2950,2016.0,Female,55.0
2951,2015.0,Male,46.0
2952,2016.0,Male,45.0
2953,2016.0,Male,36.0
2954,2015.0,Male,25.0
2955,2016.0,Female,31.0
2956,2016.0,Male,46.0
2957,2016.0,Male,28.0
2958,2016.0,Male,56.0
2959,2016.0,Male,35.0
2960,2015.0,Female,43.0
2961,2016.0,Female,28.0
2962,2015.0,Female,37.0
2963,2016.0,Male,31.0
2964,2016.0,Male,27.0
2965,2016.0,Male,58.0
2966,2016.0,Male,36.0
2967,2016.0,Female,49.0
2968,2016.0,Male,33.0
2969,2016.0,Male,22.0
2970,2015.0,Female,60.0
2971,2016.0,Male,46.0
2972,2016.0,Male,32.0
2973,2016.0,Male,53.0
2974,2016.0,Male,47.0
2975,2016.0,Female,58.0
2976,2016.0,Male,26.0
2977,2016.0,Male,41.0
2978,2016.0,Male,51.0
2979,2016.0,Female,30.0
2980,2016.0,Male,34.0
2981,2016.0,Male,56.0
2982,2015.0,Female,57.0
2983,2015.0,Male,26.0
2984,2016.0,Female,29.0
2985,2016.0,Male,51.0
2986,2016.0,Male,48.0
2987,2015.0,Female,47.0
2988,2016.0,Male,65.0
2989,2016.0,Male,30.0
2990,2016.0,Male,68.0
2991,2016.0,Female,52.0
2992,2016.0,Male,21.0
2993,2015.0,Female,48.0
2994,2016.0,Male,33.0
2995,2015.0,Female,38.0
2996,2016.0,Female,28.0
2997,2016.0,Male,50.0
2998,2015.0,Female,55.0
2999,2016.0,Male,57.0
3000,2016.0,Male,41.0
3001,2016.0,Male,41.0
3002,2016.0,Female,52.0
3003,2016.0,Female,18.0
3004,2016.0,Male,23.0
3005,2016.0,Male,48.0
3006,2016.0,Male,55.0
3007,2016.0,Female,22.0
3008,2016.0,Female,50.0
3009,2016.0,Female,39.0
3010,2016.0,Male,48.0
3011,2016.0,Male,50.0
3012,2016.0,Male,53.0
3013,2016.0,Female,27.0
3014,2016.0,Female,33.0
3015,2016.0,Male,44.0
3016,2016.0,Female,55.0
3017,2016.0,Female,29.0
3018,2016.0,Female,33.0
3019,2016.0,Female,54.0
3020,2016.0,Male,36.0
3021,2016.0,Male,52.0
3022,2016.0,Male,53.0
3023,2016.0,Female,48.0
3024,2016.0,Male,49.0
3025,2016.0,Male,59.0
3026,2016.0,Female,32.0
3027,2016.0,Male,65.0
3028,2016.0,Male,31.0
3029,2016.0,Male,40.0
3030,2016.0,Male,34.0
3031,2016.0,Male,37.0
3032,2016.0,Male,43.0
3033,2016.0,Male,48.0
3034,2016.0,Male,56.0
3035,2016.0,Male,28.0
3036,2016.0,Male,47.0
3037,2016.0,Male,36.0
3038,2016.0,Male,58.0
3039,2016.0,Female,25.0
3040,2016.0,Male,28.0
3041,2016.0,Male,26.0
3042,2016.0,Female,40.0
3043,2016.0,Male,40.0
3044,2016.0,Male,58.0
3045,2017.0,Male,29.0
3046,2017.0,Male,55.0
3047,2017.0,Female,35.0
3048,2017.0,Male,35.0
3049,2017.0,Male,33.0
3050,2017.0,Male,40.0
3051,2017.0,Male,47.0
3052,2017.0,Female,58.0
3053,2017.0,Male,59.0
3054,2017.0,Female,49.0
3055,2017.0,Male,33.0
3056,2017.0,Male,26.0
3057,2017.0,Male,56.0
3058,2017.0,Male,57.0
3059,2017.0,Female,40.0
3060,2017.0,Male,20.0
3061,2017.0,Male,33.0
3062,2017.0,Male,36.0
3063,2017.0,Male,28.0
3064,2017.0,Male,46.0
3065,2017.0,Male,54.0
3066,2017.0,Female,36.0
3067,2017.0,Female,56.0
3068,2017.0,Male,30.0
3069,2017.0,Male,40.0
3070,2017.0,Male,44.0
3071,2017.0,Male,55.0
3072,2017.0,Male,31.0
3073,2017.0,Male,62.0
3074,2017.0,Female,22.0
3075,2017.0,Female,54.0
3076,2017.0,Female,31.0
3077,2017.0,Male,55.0
3078,2017.0,Male,58.0
3079,2017.0,Female,54.0
3080,2017.0,Female,56.0
3081,2017.0,Female,43.0
3082,2017.0,Female,39.0
3083,2017.0,Male,29.0
3084,2017.0,Male,44.0
3085,2017.0,Male,29.0
3086,2017.0,Female,49.0
3087,2017.0,Male,55.0
3088,2017.0,Female,35.0
3089,2017.0,Male,49.0
3090,2017.0,Male,28.0
3091,2017.0,Male,43.0
3092,2017.0,Male,24.0
3093,2017.0,Male,30.0
3094,2017.0,Male,36.0
3095,2017.0,Male,23.0
3096,2017.0,Male,44.0
3097,2017.0,Male,35.0
3098,2017.0,Female,46.0
3099,2017.0,Male,31.0
3100,2017.0,Male,41.0
3101,2017.0,Male,31.0
3102,2017.0,Male,19.0
3103,2017.0,Male,29.0
3104,2017.0,Male,29.0
3105,2017.0,Female,21.0
3106,2017.0,Female,35.0
3107,2017.0,Female,25.0
3108,2017.0,Male,57.0
3109,2017.0,Male,30.0
3110,2017.0,Female,24.0
3111,2017.0,Male,34.0
3112,2017.0,Male,55.0
3113,2017.0,Male,36.0
3114,2017.0,Male,44.0
3115,2017.0,Female,41.0
3116,2017.0,Male,41.0
3117,2017.0,Female,40.0
3118,2017.0,Female,39.0
3119,2017.0,Female,54.0
3120,2017.0,Male,35.0
3121,2017.0,Male,60.0
3122,2017.0,Male,35.0
3123,2017.0,Male,49.0
3124,2017.0,Female,49.0
3125,2017.0,Male,48.0
3126,2017.0,Male,42.0
3127,2017.0,Female,44.0
3128,2017.0,Male,57.0
3129,2017.0,Female,25.0
3130,2017.0,Male,37.0
3131,2017.0,Female,28.0
3132,2017.0,Male,62.0
3133,2017.0,Male,60.0
3134,2017.0,Male,59.0
3135,2017.0,Male,29.0
3136,2017.0,Female,42.0
3137,2017.0,Male,58.0
3138,2017.0,Female,25.0
3139,2017.0,Male,46.0
3140,2017.0,Male,29.0
3141,2017.0,Male,37.0
3142,2017.0,Male,44.0
3143,2017.0,Female,40.0
3144,2017.0,Male,51.0
3145,2017.0,Male,57.0
3146,2017.0,Male,37.0
3147,2017.0,Female,29.0
3148,2017.0,Male,46.0
3149,2017.0,Male,26.0
3150,2017.0,Male,35.0
3151,2017.0,Male,41.0
3152,2017.0,Male,62.0
3153,2017.0,Male,33.0
3154,2017.0,Male,49.0
3155,2017.0,Male,23.0
3156,2017.0,Male,33.0
3157,2017.0,Male,62.0
3158,2017.0,Male,55.0
3159,2017.0,Female,48.0
3160,2017.0,Male,39.0
3161,2017.0,Male,37.0
3162,2017.0,Male,67.0
3163,2017.0,Female,58.0
3164,2017.0,Female,63.0
3165,2017.0,Female,60.0
3166,2017.0,Male,34.0
3167,2017.0,Male,54.0
3168,2017.0,Male,31.0
3169,2017.0,Female,45.0
3170,2017.0,Male,24.0
3171,2017.0,Male,29.0
3172,2017.0,Female,46.0
3173,2017.0,Female,37.0
3174,2017.0,Male,39.0
3175,2017.0,Male,45.0
3176,2017.0,Female,34.0
3177,2017.0,Male,53.0
3178,2017.0,Male,33.0
3179,2017.0,Male,59.0
3180,2017.0,Male,66.0
3181,2017.0,Male,41.0
3182,2017.0,Male,26.0
3183,2017.0,Male,33.0
3184,2017.0,Female,51.0
3185,2017.0,Female,48.0
3186,2017.0,Female,24.0
3187,2017.0,Male,50.0
3188,2017.0,Male,60.0
3189,2017.0,Male,64.0
3190,2017.0,Male,58.0
3191,2017.0,Male,53.0
3192,2017.0,Female,22.0
3193,2017.0,Male,24.0
3194,2017.0,Male,54.0
3195,2017.0,Male,35.0
3196,2017.0,Male,36.0
3197,2017.0,Male,36.0
3198,2017.0,Male,26.0
3199,2017.0,Male,52.0
3200,2017.0,Male,57.0
3201,2017.0,Male,27.0
3202,2017.0,Male,62.0
3203,2017.0,Male,33.0
3204,2017.0,Male,51.0
3205,2017.0,Male,33.0
3206,2017.0,Male,46.0
3207,2017.0,Female,47.0
3208,2017.0,Male,50.0
3209,2017.0,Female,58.0
3210,2017.0,Female,41.0
3211,2017.0,Male,32.0
3212,2017.0,Male,28.0
3213,2017.0,Male,54.0
3214,2017.0,Male,53.0
3215,2017.0,Female,44.0
3216,2017.0,Male,24.0
3217,2017.0,Female,49.0
3218,2017.0,Male,58.0
3219,2017.0,Male,34.0
3220,2017.0,Male,60.0
3221,2017.0,Male,36.0
3222,2017.0,Male,44.0
3223,2017.0,Male,36.0
3224,2017.0,Male,31.0
3225,2017.0,Male,24.0
3226,2017.0,Male,34.0
3227,2017.0,Male,21.0
3228,2017.0,Male,47.0
3229,2017.0,Female,52.0
3230,2017.0,Male,41.0
3231,2017.0,Male,46.0
3232,2017.0,Male,42.0
3233,2017.0,Male,48.0
3234,2017.0,Male,34.0
3235,2017.0,Male,33.0
3236,2017.0,Male,24.0
3237,2017.0,Male,25.0
3238,2017.0,Male,41.0
3239,2017.0,Male,52.0
3240,2017.0,Male,42.0
3241,2017.0,Male,23.0
3242,2017.0,Male,36.0
3243,2017.0,Male,60.0
3244,2017.0,Male,32.0
3245,2017.0,Male,33.0
3246,2017.0,Male,29.0
3247,2017.0,Male,21.0
3248,2017.0,Male,52.0
3249,2017.0,Male,35.0
3250,2017.0,Male,24.0
3251,2017.0,Male,57.0
3252,2017.0,Female,37.0
3253,2017.0,Male,31.0
3254,2017.0,Male,62.0
3255,2017.0,Male,36.0
3256,2017.0,Male,34.0
3257,2017.0,Male,71.0
3258,2017.0,Female,37.0
3259,2017.0,Male,27.0
3260,2017.0,Male,47.0
3261,2017.0,Male,64.0
3262,2017.0,Male,37.0
3263,2017.0,Male,33.0
3264,2017.0,Female,27.0
3265,2017.0,Male,28.0
3266,2017.0,Male,54.0
3267,2017.0,Male,62.0
3268,2017.0,Male,44.0
3269,2017.0,Male,51.0
3270,2017.0,Male,33.0
3271,2017.0,Male,50.0
3272,2017.0,Male,38.0
3273,2017.0,Female,22.0
3274,2017.0,Male,35.0
3275,2017.0,Female,44.0
3276,2017.0,Male,47.0
3277,2017.0,Male,69.0
3278,2017.0,Female,62.0
3279,2017.0,Male,45.0
3280,2017.0,Male,58.0
3281,2017.0,Male,23.0
3282,2017.0,Male,41.0
3283,2017.0,Male,61.0
3284,2017.0,Male,28.0
3285,2017.0,Female,57.0
3286,2017.0,Male,23.0
3287,2017.0,Male,39.0
3288,2017.0,Male,40.0
3289,2017.0,Male,30.0
3290,2017.0,Male,56.0
3291,2017.0,Male,31.0
3292,2017.0,Female,31.0
3293,2017.0,Male,35.0
3294,2017.0,Male,61.0
3295,2017.0,Female,26.0
3296,2017.0,Male,34.0
3297,2017.0,Male,53.0
3298,2017.0,Male,20.0
3299,2017.0,Male,28.0
3300,2017.0,Male,50.0
3301,2017.0,Male,40.0
3302,2017.0,Female,34.0
3303,2017.0,Male,32.0
3304,2017.0,Female,24.0
3305,2017.0,Male,72.0
3306,2017.0,Male,46.0
3307,2017.0,Male,27.0
3308,2017.0,Male,54.0
3309,2017.0,Female,42.0
3310,2017.0,Male,50.0
3311,2017.0,Male,50.0
3312,2017.0,Male,33.0
3313,2017.0,Male,53.0
3314,2017.0,Male,52.0
3315,2017.0,Female,38.0
3316,2017.0,Male,43.0
3317,2017.0,Female,54.0
3318,2017.0,Male,49.0
3319,2017.0,Male,53.0
3320,2017.0,Female,29.0
3321,2017.0,Female,56.0
3322,2017.0,Male,57.0
3323,2017.0,Male,36.0
3324,2017.0,Male,41.0
3325,2017.0,Male,37.0
3326,2017.0,Male,30.0
3327,2017.0,Male,52.0
3328,2017.0,Male,60.0
3329,2017.0,Male,60.0
3330,2017.0,Male,47.0
3331,2017.0,Male,30.0
3332,2017.0,Female,56.0
3333,2017.0,Male,44.0
3334,2017.0,Male,24.0
3335,2017.0,Male,21.0
3336,2017.0,Male,33.0
3337,2017.0,Male,45.0
3338,2017.0,Male,35.0
3339,2017.0,Male,31.0
3340,2017.0,Female,40.0
3341,2017.0,Male,33.0
3342,2017.0,Male,54.0
3343,2017.0,Male,34.0
3344,2017.0,Male,31.0
3345,2017.0,Female,63.0
3346,2017.0,Male,37.0
3347,2017.0,Female,21.0
3348,2017.0,Female,52.0
3349,2017.0,Male,54.0
3350,2017.0,Male,23.0
3351,2017.0,Male,50.0
3352,2017.0,Male,31.0
3353,2017.0,Female,35.0
3354,2017.0,Male,33.0
3355,2017.0,Male,37.0
3356,2017.0,Male,61.0
3357,2017.0,Male,41.0
3358,2017.0,Male,37.0
3359,2017.0,Male,60.0
3360,2017.0,Male,44.0
3361,2017.0,Female,53.0
3362,2017.0,Male,50.0
3363,2017.0,Male,53.0
3364,2017.0,Male,56.0
3365,2017.0,Male,48.0
3366,2017.0,Male,53.0
3367,2017.0,Female,45.0
3368,2017.0,Male,55.0
3369,2017.0,Male,64.0
3370,2017.0,Male,53.0
3371,2017.0,Male,45.0
3372,2017.0,Female,58.0
3373,2017.0,Male,34.0
3374,2017.0,Male,38.0
3375,2017.0,Male,24.0
3376,2017.0,Male,35.0
3377,2017.0,Male,26.0
3378,2017.0,Male,34.0
3379,2017.0,Male,60.0
3380,2017.0,Male,44.0
3381,2017.0,Male,31.0
3382,2017.0,Male,57.0
3383,2017.0,Female,51.0
3384,2017.0,Male,22.0
3385,2017.0,Female,72.0
3386,2017.0,Female,37.0
3387,2017.0,Female,42.0
3388,2017.0,Male,71.0
3389,2017.0,Male,53.0
3390,2017.0,Male,43.0
3391,2017.0,Male,51.0
3392,2017.0,Male,33.0
3393,2017.0,Female,41.0
3394,2017.0,Male,33.0
3395,2017.0,Male,29.0
3396,2017.0,Female,60.0
3397,2017.0,Male,38.0
3398,2017.0,Male,40.0
3399,2017.0,Male,50.0
3400,2017.0,Male,57.0
3401,2017.0,Male,41.0
3402,2017.0,Male,47.0
3403,2017.0,Female,25.0
3404,2017.0,Female,52.0
3405,2017.0,Male,66.0
3406,2017.0,Male,27.0
3407,2017.0,Male,24.0
3408,2017.0,Female,37.0
3409,2017.0,Female,28.0
3410,2017.0,Female,33.0
3411,2017.0,Male,68.0
3412,2017.0,Female,32.0
3413,2017.0,Male,33.0
3414,2017.0,Male,26.0
3415,2017.0,Male,31.0
3416,2017.0,Male,47.0
3417,2017.0,Female,63.0
3418,2017.0,Male,56.0
3419,2017.0,Male,31.0
3420,2017.0,Male,34.0
3421,2017.0,Male,45.0
3422,2017.0,Female,68.0
3423,2017.0,Male,59.0
3424,2017.0,Male,51.0
3425,2017.0,Male,23.0
3426,2017.0,Female,50.0
3427,2017.0,Female,40.0
3428,2017.0,Male,53.0
3429,2017.0,Male,41.0
3430,2017.0,Male,47.0
3431,2017.0,Male,31.0
3432,2017.0,Male,28.0
3433,2017.0,Male,45.0
3434,2017.0,Female,45.0
3435,2017.0,Male,36.0
3436,2017.0,Male,24.0
3437,2017.0,Male,50.0
3438,2017.0,Male,33.0
3439,2017.0,Male,28.0
3440,2017.0,Female,23.0
3441,2017.0,Male,38.0
3442,2017.0,Male,49.0
3443,2017.0,Male,61.0
3444,2017.0,Male,22.0
3445,2017.0,Male,24.0
3446,2017.0,Male,44.0
3447,2017.0,Male,49.0
3448,2017.0,Male,39.0
3449,2017.0,Female,57.0
3450,2017.0,Female,30.0
3451,2017.0,Male,41.0
3452,2017.0,Male,42.0
3453,2017.0,Male,49.0
3454,2017.0,Male,34.0
3455,2017.0,Male,54.0
3456,2017.0,Male,57.0
3457,2017.0,Male,27.0
3458,2017.0,Female,56.0
3459,2017.0,Male,51.0
3460,2017.0,Male,29.0
3461,2017.0,Male,50.0
3462,2017.0,Male,40.0
3463,2017.0,Male,43.0
3464,2017.0,Male,38.0
3465,2017.0,Female,34.0
3466,2017.0,Male,31.0
3467,2017.0,Male,36.0
3468,2017.0,Male,64.0
3469,2017.0,Male,37.0
3470,2017.0,Male,47.0
3471,2017.0,Male,58.0
3472,2017.0,Male,25.0
3473,2017.0,Male,24.0
3474,2017.0,Male,36.0
3475,2017.0,Female,25.0
3476,2017.0,Female,35.0
3477,2017.0,Male,24.0
3478,2017.0,Female,22.0
3479,2017.0,Male,27.0
3480,2017.0,Female,33.0
3481,2017.0,Male,50.0
3482,2017.0,Male,54.0
3483,2017.0,Male,39.0
3484,2017.0,Male,45.0
3485,2017.0,Male,62.0
3486,2017.0,Female,34.0
3487,2017.0,Male,56.0
3488,2017.0,Male,29.0
3489,2017.0,Male,44.0
3490,2017.0,Male,31.0
3491,2017.0,Male,38.0
3492,2017.0,Female,59.0
3493,2017.0,Male,52.0
3494,2017.0,Male,32.0
3495,2017.0,Male,38.0
3496,2017.0,Male,50.0
3497,2017.0,Female,23.0
3498,2017.0,Female,27.0
3499,2017.0,Male,30.0
3500,2017.0,Male,30.0
3501,2017.0,Male,27.0
3502,2017.0,Male,59.0
3503,2017.0,Male,38.0
3504,2017.0,Male,34.0
3505,2017.0,Female,23.0
3506,2017.0,Female,57.0
3507,2017.0,Male,27.0
3508,2017.0,Male,51.0
3509,2017.0,Female,30.0
3510,2017.0,Male,21.0
3511,2017.0,Male,23.0
3512,2017.0,Male,32.0
3513,2017.0,Male,35.0
3514,2017.0,Male,37.0
3515,2017.0,Female,57.0
3516,2017.0,Male,37.0
3517,2017.0,Male,47.0
3518,2017.0,Female,25.0
3519,2017.0,Male,38.0
3520,2017.0,Male,34.0
3521,2017.0,Male,41.0
3522,2017.0,Male,60.0
3523,2017.0,Male,20.0
3524,2017.0,Male,38.0
3525,2017.0,Male,37.0
3526,2017.0,Male,24.0
3527,2017.0,Female,34.0
3528,2017.0,Female,51.0
3529,2017.0,Male,39.0
3530,2017.0,Male,33.0
3531,2017.0,Male,47.0
3532,2017.0,Female,29.0
3533,2017.0,Female,53.0
3534,2017.0,Female,57.0
3535,2017.0,Female,44.0
3536,2017.0,Male,58.0
3537,2017.0,Male,42.0
3538,2017.0,Male,34.0
3539,2017.0,Female,61.0
3540,2017.0,Male,29.0
3541,2017.0,Female,65.0
3542,2017.0,Male,31.0
3543,2017.0,Male,52.0
3544,2017.0,Male,60.0
3545,2017.0,Male,37.0
3546,2017.0,Male,50.0
3547,2017.0,Male,34.0
3548,2017.0,Male,60.0
3549,2017.0,Male,59.0
3550,2017.0,Female,58.0
3551,2017.0,Male,32.0
3552,2017.0,Male,45.0
3553,2017.0,Female,26.0
3554,2017.0,Male,42.0
3555,2017.0,Male,55.0
3556,2017.0,Male,35.0
3557,2017.0,Male,31.0
3558,2017.0,Male,34.0
3559,2017.0,Male,50.0
3560,2017.0,Female,48.0
3561,2017.0,Male,51.0
3562,2017.0,Female,53.0
3563,2017.0,Male,55.0
3564,2017.0,Male,39.0
3565,2017.0,Male,63.0
3566,2017.0,Female,31.0
3567,2017.0,Male,29.0
3568,2017.0,Male,42.0
3569,2017.0,Male,40.0
3570,2017.0,Male,54.0
3571,2017.0,Female,62.0
3572,2017.0,Male,47.0
3573,2017.0,Male,31.0
3574,2017.0,Male,33.0
3575,2017.0,Male,24.0
3576,2017.0,Female,58.0
3577,2017.0,Male,38.0
3578,2017.0,Male,29.0
3579,2017.0,Male,57.0
3580,2017.0,Male,27.0
3581,2017.0,Male,33.0
3582,2017.0,Male,51.0
3583,2017.0,Male,38.0
3584,2017.0,Male,56.0
3585,2017.0,Male,26.0
3586,2017.0,Male,37.0
3587,2017.0,Male,38.0
3588,2017.0,Female,20.0
3589,2017.0,Male,27.0
3590,2017.0,Male,58.0
3591,2017.0,Male,27.0
3592,2017.0,Male,55.0
3593,2017.0,Male,37.0
3594,2017.0,Male,42.0
3595,2017.0,Male,25.0
3596,2017.0,Female,59.0
3597,2017.0,Male,49.0
3598,2017.0,Male,30.0
3599,2017.0,Female,36.0
3600,2017.0,Male,44.0
3601,2017.0,Male,29.0
3602,2017.0,Female,40.0
3603,2017.0,Male,38.0
3604,2017.0,Male,23.0
3605,2017.0,Female,38.0
3606,2017.0,Male,42.0
3607,2017.0,Male,32.0
3608,2017.0,Male,20.0
3609,2017.0,Female,40.0
3610,2017.0,Male,54.0
3611,2017.0,Male,25.0
3612,2017.0,Female,22.0
3613,2017.0,Male,51.0
3614,2017.0,Male,34.0
3615,2017.0,Male,46.0
3616,2017.0,Male,28.0
3617,2017.0,Female,31.0
3618,2017.0,Male,46.0
3619,2017.0,Female,29.0
3620,2017.0,Male,
3621,2017.0,Female,42.0
3622,2017.0,Male,39.0
3623,2017.0,Male,43.0
3624,2017.0,Male,50.0
3625,2017.0,Male,49.0
3626,2017.0,Female,38.0
3627,2017.0,Male,59.0
3628,2017.0,Female,48.0
3629,2017.0,Male,39.0
3630,2017.0,Female,31.0
3631,2017.0,Male,55.0
3632,2017.0,Male,57.0
3633,2017.0,Female,39.0
3634,2017.0,Male,60.0
3635,2017.0,Male,38.0
3636,2017.0,Male,33.0
3637,2017.0,Male,38.0
3638,2017.0,Female,59.0
3639,2017.0,Male,42.0
3640,2017.0,Male,22.0
3641,2017.0,Female,31.0
3642,2017.0,Male,32.0
3643,2017.0,Male,60.0
3644,2017.0,Male,37.0
3645,2017.0,Male,53.0
3646,2017.0,Male,49.0
3647,2017.0,Male,36.0
3648,2017.0,Male,27.0
3649,2017.0,Male,53.0
3650,2017.0,Male,59.0
3651,2017.0,Female,55.0
3652,2017.0,Male,36.0
3653,2017.0,Male,25.0
3654,2017.0,Male,32.0
3655,2017.0,Male,27.0
3656,2017.0,Male,23.0
3657,2017.0,Male,52.0
3658,2017.0,Male,36.0
3659,2017.0,Female,54.0
3660,2017.0,Male,51.0
3661,2017.0,Male,26.0
3662,2017.0,Female,47.0
3663,2017.0,Male,36.0
3664,2017.0,Female,39.0
3665,2017.0,Male,53.0
3666,2017.0,Male,29.0
3667,2017.0,Male,46.0
3668,2017.0,Male,33.0
3669,2017.0,Male,41.0
3670,2017.0,Male,61.0
3671,2017.0,Male,38.0
3672,2017.0,Male,24.0
3673,2017.0,Male,31.0
3674,2017.0,Female,31.0
3675,2017.0,Male,40.0
3676,2017.0,Female,62.0
3677,2017.0,Male,21.0
3678,2017.0,Male,26.0
3679,2017.0,Male,40.0
3680,2017.0,Male,51.0
3681,2017.0,Male,52.0
3682,2017.0,Male,23.0
3683,2017.0,Female,51.0
3684,2017.0,Male,43.0
3685,2017.0,Male,32.0
3686,2017.0,Female,31.0
3687,2017.0,Male,23.0
3688,2017.0,Female,48.0
3689,2017.0,Male,60.0
3690,2017.0,Female,46.0
3691,2017.0,Male,54.0
3692,2017.0,Female,56.0
3693,2017.0,Female,24.0
3694,2017.0,Male,44.0
3695,2017.0,Female,39.0
3696,2017.0,Male,38.0
3697,2017.0,Male,32.0
3698,2017.0,Male,51.0
3699,2017.0,Female,56.0
3700,2017.0,Male,60.0
3701,2017.0,Female,28.0
3702,2017.0,Female,54.0
3703,2017.0,Female,59.0
3704,2017.0,Male,47.0
3705,2017.0,Male,37.0
3706,2017.0,Male,49.0
3707,2017.0,Male,57.0
3708,2017.0,Male,26.0
3709,2017.0,Female,59.0
3710,2017.0,Male,54.0
3711,2017.0,Male,25.0
3712,2017.0,Male,30.0
3713,2017.0,Male,32.0
3714,2017.0,Male,48.0
3715,2017.0,Male,30.0
3716,2017.0,Male,43.0
3717,2017.0,Male,30.0
3718,2017.0,Male,32.0
3719,2017.0,Male,38.0
3720,2017.0,Male,39.0
3721,2017.0,Female,37.0
3722,2017.0,Male,59.0
3723,2017.0,Female,36.0
3724,2017.0,Male,33.0
3725,2017.0,Male,60.0
3726,2017.0,Male,58.0
3727,2017.0,Male,31.0
3728,2017.0,Male,46.0
3729,2017.0,Female,26.0
3730,2017.0,Male,43.0
3731,2017.0,Male,34.0
3732,2017.0,Male,54.0
3733,2017.0,Female,28.0
3734,2017.0,Female,54.0
3735,2017.0,Female,21.0
3736,2017.0,Male,42.0
3737,2017.0,Female,28.0
3738,2017.0,Male,45.0
3739,2017.0,Female,49.0
3740,2017.0,Female,28.0
3741,2017.0,Female,57.0
3742,2017.0,Male,73.0
3743,2017.0,Male,58.0
3744,2017.0,Female,23.0
3745,2017.0,Female,50.0
3746,2017.0,Male,52.0
3747,2017.0,Female,55.0
3748,2017.0,Male,47.0
3749,2017.0,Male,30.0
3750,2017.0,Male,20.0
3751,2017.0,Male,26.0
3752,2017.0,Female,62.0
3753,2017.0,Male,29.0
3754,2017.0,Male,31.0
3755,2017.0,Male,50.0
3756,2017.0,Male,36.0
3757,2017.0,Female,45.0
3758,2017.0,Male,60.0
3759,2017.0,Female,30.0
3760,2017.0,Male,39.0
3761,2017.0,Female,43.0
3762,2017.0,Male,30.0
3763,2017.0,Male,30.0
3764,2017.0,Male,54.0
3765,2017.0,Male,52.0
3766,2017.0,Male,40.0
3767,2017.0,Male,32.0
3768,2017.0,Male,37.0
3769,2017.0,Male,53.0
3770,2017.0,Male,40.0
3771,2017.0,Female,32.0
3772,2017.0,Female,48.0
3773,2017.0,Male,66.0
3774,2017.0,Male,59.0
3775,2017.0,Female,27.0
3776,2017.0,Female,46.0
3777,2017.0,Female,27.0
3778,2017.0,Female,58.0
3779,2017.0,Male,56.0
3780,2017.0,Male,39.0
3781,2017.0,Male,40.0
3782,2017.0,Male,25.0
3783,2017.0,Female,64.0
3784,2017.0,Male,36.0
3785,2017.0,Male,33.0
3786,2017.0,Female,66.0
3787,2017.0,Male,40.0
3788,2017.0,Male,29.0
3789,2017.0,Female,50.0
3790,2017.0,Female,23.0
3791,2017.0,Male,22.0
3792,2017.0,Male,54.0
3793,2017.0,Male,40.0
3794,2017.0,Female,25.0
3795,2017.0,Female,44.0
3796,2017.0,Female,44.0
3797,2017.0,Female,55.0
3798,2017.0,Male,51.0
3799,2017.0,Male,52.0
3800,2017.0,Male,59.0
3801,2017.0,Male,56.0
3802,2017.0,Male,48.0
3803,2017.0,Female,35.0
3804,2017.0,Male,54.0
3805,2017.0,Male,40.0
3806,2017.0,Male,53.0
3807,2017.0,Male,53.0
3808,2017.0,Male,44.0
3809,2017.0,Female,45.0
3810,2017.0,Male,61.0
3811,2017.0,Male,28.0
3812,2017.0,Male,24.0
3813,2017.0,Male,30.0
3814,2017.0,Male,39.0
3815,2017.0,Female,22.0
3816,2017.0,Male,33.0
3817,2017.0,Male,48.0
3818,2017.0,Male,35.0
3819,2017.0,Male,41.0
3820,2017.0,Male,40.0
3821,2017.0,Male,52.0
3822,2017.0,Male,26.0
3823,2017.0,Male,43.0
3824,2017.0,Female,58.0
3825,2017.0,Female,64.0
3826,2017.0,Male,29.0
3827,2017.0,Male,34.0
3828,2017.0,Male,35.0
3829,2017.0,Female,59.0
3830,2017.0,Male,44.0
3831,2017.0,Male,49.0
3832,2017.0,Male,52.0
3833,2017.0,Male,36.0
3834,2017.0,Male,55.0
3835,2017.0,Female,62.0
3836,2017.0,Female,65.0
3837,2017.0,Male,43.0
3838,2017.0,Male,32.0
3839,2017.0,Male,54.0
3840,2017.0,Male,30.0
3841,2017.0,Male,40.0
3842,2017.0,Male,41.0
3843,2017.0,Female,30.0
3844,2017.0,Female,33.0
3845,2017.0,Female,48.0
3846,2017.0,Male,45.0
3847,2017.0,Male,58.0
3848,2017.0,Male,25.0
3849,2017.0,Male,54.0
3850,2017.0,Male,45.0
3851,2017.0,Male,34.0
3852,2017.0,Male,38.0
3853,2017.0,Female,23.0
3854,2017.0,Male,24.0
3855,2017.0,Female,38.0
3856,2017.0,Male,27.0
3857,2017.0,Male,49.0
3858,2017.0,Male,50.0
3859,2017.0,Male,32.0
3860,2017.0,Male,35.0
3861,2017.0,Male,37.0
3862,2017.0,Female,35.0
3863,2017.0,Female,27.0
3864,2017.0,Male,50.0
3865,2017.0,Male,57.0
3866,2017.0,Male,61.0
3867,2017.0,Male,51.0
3868,2017.0,Male,37.0
3869,2017.0,Female,36.0
3870,2017.0,Male,40.0
3871,2017.0,Male,35.0
3872,2017.0,Female,47.0
3873,2017.0,Female,41.0
3874,2017.0,Male,24.0
3875,2017.0,Male,45.0
3876,2017.0,Female,31.0
3877,2017.0,Male,19.0
3878,2017.0,Male,55.0
3879,2017.0,Male,24.0
3880,2017.0,Male,41.0
3881,2017.0,Male,30.0
3882,2017.0,Male,48.0
3883,2017.0,Male,34.0
3884,2017.0,Female,35.0
3885,2017.0,Male,51.0
3886,2017.0,Female,61.0
3887,2017.0,Male,63.0
3888,2017.0,Female,52.0
3889,2017.0,Female,41.0
3890,2017.0,Female,55.0
3891,2017.0,Male,25.0
3892,2017.0,Female,43.0
3893,2017.0,Male,36.0
3894,2017.0,Male,36.0
3895,2017.0,Male,61.0
3896,2017.0,Male,59.0
3897,2017.0,Male,29.0
3898,2017.0,Male,56.0
3899,2017.0,Male,41.0
3900,2017.0,Male,53.0
3901,2017.0,Male,30.0
3902,2017.0,Male,56.0
3903,2017.0,Male,21.0
3904,2017.0,Female,20.0
3905,2017.0,,39.0
3906,2017.0,Male,36.0
3907,2017.0,Male,62.0
3908,2017.0,Male,63.0
3909,2017.0,Male,46.0
3910,2017.0,Female,19.0
3911,2017.0,Male,41.0
3912,2017.0,Male,36.0
3913,2017.0,Male,33.0
3914,2017.0,Female,36.0
3915,2017.0,Male,45.0
3916,2017.0,Female,54.0
3917,2017.0,Male,32.0
3918,2017.0,Male,41.0
3919,2017.0,Female,57.0
3920,2017.0,Male,37.0
3921,2017.0,Male,34.0
3922,2017.0,Male,47.0
3923,2017.0,Female,29.0
3924,2017.0,Male,50.0
3925,2017.0,Male,60.0
3926,2017.0,Male,32.0
3927,2017.0,Male,27.0
3928,2017.0,Female,52.0
3929,2017.0,Male,51.0
3930,2017.0,Male,60.0
3931,2017.0,Male,26.0
3932,2017.0,Male,45.0
3933,2017.0,Male,56.0
3934,2017.0,Female,63.0
3935,2017.0,Male,42.0
3936,2017.0,Male,43.0
3937,2017.0,Male,54.0
3938,2017.0,Male,29.0
3939,2017.0,Male,53.0
3940,2017.0,Male,29.0
3941,2017.0,Male,60.0
3942,2017.0,Male,64.0
3943,2017.0,Male,64.0
3944,2017.0,Male,48.0
3945,2017.0,Female,46.0
3946,2017.0,Male,55.0
3947,2017.0,Male,48.0
3948,2017.0,Female,25.0
3949,2017.0,Male,28.0
3950,2017.0,Male,63.0
3951,2017.0,Male,30.0
3952,2017.0,Male,59.0
3953,2017.0,Male,31.0
3954,2017.0,Female,44.0
3955,2017.0,Female,62.0
3956,2017.0,Male,49.0
3957,2017.0,Male,17.0
3958,2017.0,Male,33.0
3959,2017.0,Female,54.0
3960,2017.0,Male,32.0
3961,2017.0,Male,39.0
3962,2017.0,Female,53.0
3963,2017.0,Female,49.0
3964,2017.0,Male,47.0
3965,2017.0,Female,51.0
3966,2017.0,Female,37.0
3967,2017.0,Female,49.0
3968,2017.0,Female,61.0
3969,2017.0,Male,27.0
3970,2017.0,Female,33.0
3971,2017.0,Male,34.0
3972,2017.0,Male,48.0
3973,2017.0,Male,56.0
3974,2017.0,Male,54.0
3975,2017.0,Male,52.0
3976,2017.0,Male,33.0
3977,2017.0,Female,60.0
3978,2017.0,Male,34.0
3979,2017.0,Male,49.0
3980,2017.0,Male,43.0
3981,2017.0,Male,39.0
3982,2017.0,Male,20.0
3983,2017.0,Male,38.0
3984,2017.0,Female,47.0
3985,2017.0,Female,48.0
3986,2017.0,Male,40.0
3987,2017.0,Male,22.0
3988,2017.0,Male,63.0
3989,2017.0,Male,33.0
3990,2017.0,Male,55.0
3991,2017.0,Male,30.0
3992,2017.0,Male,39.0
3993,2017.0,Female,52.0
3994,2017.0,Male,47.0
3995,2017.0,Male,52.0
3996,2017.0,Male,45.0
3997,2017.0,Male,24.0
3998,2017.0,Male,22.0
3999,2017.0,Male,46.0
4000,2017.0,Male,34.0
4001,2017.0,Male,57.0
4002,2017.0,Male,62.0
4003,2017.0,Female,28.0
4004,2017.0,Male,59.0
4005,2017.0,Male,62.0
4006,2017.0,Female,39.0
4007,2017.0,Male,43.0
4008,2017.0,Male,57.0
4009,2017.0,Female,23.0
4010,2017.0,Male,49.0
4011,2017.0,Male,45.0
4012,2017.0,Female,29.0
4013,2017.0,Male,58.0
4014,2017.0,Male,36.0
4015,2017.0,Female,52.0
4016,2017.0,Male,56.0
4017,2017.0,Male,32.0
4018,2017.0,Male,27.0
4019,2017.0,Female,56.0
4020,2017.0,Male,30.0
4021,2017.0,Male,57.0
4022,2017.0,Female,51.0
4023,2017.0,Female,40.0
4024,2017.0,Female,28.0
4025,2017.0,Male,25.0
4026,2017.0,Male,28.0
4027,2017.0,Male,26.0
4028,2017.0,Male,44.0
4029,2017.0,Female,27.0
4030,2017.0,Female,38.0
4031,2017.0,Male,31.0
4032,2017.0,Male,55.0
4033,2017.0,Female,60.0
4034,2017.0,Male,39.0
4035,2017.0,Male,34.0
4036,2017.0,Male,33.0
4037,2017.0,Male,28.0
4038,2017.0,Male,45.0
4039,2017.0,Male,27.0
4040,2017.0,Male,29.0
4041,2017.0,Male,48.0
4042,2017.0,Male,37.0
4043,2017.0,Male,53.0
4044,2017.0,Male,48.0
4045,2017.0,Female,21.0
4046,2017.0,Female,24.0
4047,2017.0,Male,50.0
4048,2017.0,Male,52.0
4049,2017.0,Male,43.0
4050,2017.0,Male,47.0
4051,2017.0,Male,36.0
4052,2017.0,Male,39.0
4053,2017.0,Male,32.0
4054,2017.0,Male,37.0
4055,2017.0,Male,26.0
4056,2017.0,Female,65.0
4057,2017.0,Male,50.0
4058,2017.0,Male,26.0
4059,2017.0,Female,22.0
4060,2017.0,Male,30.0
4061,2017.0,Female,33.0
4062,2017.0,Male,39.0
4063,2017.0,Male,31.0
4064,2017.0,Male,50.0
4065,2017.0,Male,61.0
4066,2017.0,Male,38.0
4067,2017.0,Male,26.0
4068,2017.0,Female,68.0
4069,2017.0,Female,39.0
4070,2017.0,Female,34.0
4071,2017.0,Female,52.0
4072,2017.0,Male,46.0
4073,2017.0,Male,69.0
4074,2017.0,Male,38.0
4075,2017.0,Male,26.0
4076,2017.0,Male,50.0
4077,2017.0,Male,36.0
4078,2017.0,Male,36.0
4079,2017.0,Male,48.0
4080,2017.0,Male,50.0
4081,2017.0,Male,48.0
4082,2017.0,Male,25.0
